TicketID,CommitHash
SYNCOPE-1970,3bf77aa1027543a1240e51137e7dea8d3afe76f4
SYNCOPE-1970,e250090673e5883fc086d745fa4795f00f83aeaa
SYNCOPE-1970,4d2053bdd2d12f5493cd2f860b4586a23ce64794
SYNCOPE-1980,1fee4fb7eba58de94255ae6331e5b99c995f0aa8
SYNCOPE-1977,524676b309ad50cfcd6fc12ee31dda265951a734
SYNCOPE-1977,a783ef6ca772d3ab53c611a01844fba164f09bfd
SYNCOPE-1977,37deb3dcc31eb7e293ca81952c8d54c4d1f03945
SYNCOPE-1972,326065713aed1c9283a68833c5e24d042ca9d679
SYNCOPE-1972,b2888c2a605024a3c349cf52bd447b16c9dce469
SYNCOPE-1921,ca11c96e174b4530c29f96e8f4358553ced78e46
SYNCOPE-1921,e64b2ee986f30673416cf578e6705fdfaf795045
SYNCOPE-1921,bc8f816169d2c041472d14ecc7c506c4594f15cb
SYNCOPE-1965,aff77803fd44dad101318674cc5fc213c35e7d86
SYNCOPE-1965,de885c920bfed22fc095c0386cd8afd9bd938393
SYNCOPE-1744,2fcb1a0a37a29b4448286477d74536fda87bbb44
SYNCOPE-1744,8f254d584b0f7f89127ba8984ed6b3a584c6b40c
SYNCOPE-1963,5f26f1fa29d8e97c7fba6679f82e307f87ac9066
SYNCOPE-1744,8fb31f63654e0bca9b292cb3bfbe7a0342a20e13
SYNCOPE-1963,a2c61c5b9877b47c680742f5b05c1832a9ac23e3
SYNCOPE-1962,f5cb13d582ac8cde1674c7cd760a45083888f96f
SYNCOPE-1960,43a91b03819931b135b02d35783684f6bcc1f6aa
SYNCOPE-1960,c1c3c807ff11fbb6c9578902379c1cbe602b307f
SYNCOPE-1960,579c1cb518d3f2b9c1a515af6086a4cda563fa6a
SYNCOPE-1959,e0205a491c4d480165f7d5814d9a7a96f91f587c
SYNCOPE-1959,45b260e00ed3a88629ae7a5a345d7a021aa0f0c8
SYNCOPE-1957,0ec35f363487f4e3932b6660f84cb354b4ae9384
SYNCOPE-1957,893db9cb2f69289d5fea658c7512067c9fccf2ae
SYNCOPE-1957,f6a1af9426f1d7ce7eeb82d933d1b1ed9df265de
SYNCOPE-1957,bb7f727dc7effa80c186c51b754bd12ad654bafa
SYNCOPE-1945,d1bf47104278bb5174d26cf12684ae91a9a9a935
SYNCOPE-1945,ded84c04c988704a9528c386d816a9037163324b
SYNCOPE-1945,b8124a25e5e137f44216b05911f79c2e81f90624
SYNCOPE-1956,9c3b724c131d758a09148d5e6969721e0600fd8e
SYNCOPE-1956,f13b9a4cc34964c6b644b49c370b2afd6eff3893
SYNCOPE-1956,f5cd42852818ca2160f61522df4f75f0e971307a
SYNCOPE-1942,9adaa4d4d93e404675d6b19f23fe81b9af306a43
SYNCOPE-1942,a35dd0f789c6ca297ecb1ecdb68494786272acd1
SYNCOPE-1943,82a038dd3f5a8dd2e1d619af423ef6277e9e6a5f
SYNCOPE-1943,4a25557ef345a47fc06283aa5729989b1820b7d5
SYNCOPE-1943,539bbc5c8b193901430d7b9fbbcf0b0a1daa8570
SYNCOPE-1944,8c190d643f8ba66f203203f72163fa0046831611
SYNCOPE-1944,95fa928ffe08e016c1b9b566770093ff6f49a852
SYNCOPE-1937,db39730ece60748fa3d140f0a834618550ae3795
SYNCOPE-1937,6266099faceed419a4d1c5f77bf6adbe272924ef
SYNCOPE-1937,41d5d55ed01257990f15ee4747f435258aaacdd6
SYNCOPE-1937,ad823fe393774c2bf99da17b88ddbcca883f744f
SYNCOPE-1936,bd339560cb2506a07f9b0c8b7a770269f8fd472d
SYNCOPE-1936,dc781b5d599ddfa9778cc45ff769755c12a5cefd
SYNCOPE-1936,7ed381fcf4f54c6fe93e651c307c7c4df945d6c7
SYNCOPE-1933,2b9e9218354158384452ab5c1eb1254076d7e157
SYNCOPE-1933,3283cd999de6601a1be93635ca15e5f415953727
SYNCOPE-1933,de89b62fccae944e12212f0515fb83134392af3f
SYNCOPE-1928,97e022a5b9b533a2be6ceeb848d6412a18ddc806
SYNCOPE-1928,6f76a45038771333bd973ffd2d6d36129c3809d3
SYNCOPE-1925,d8213861d0dd6929f9551b848e67eea9a827b571
SYNCOPE-1925,d516f7fecdf489468cb122181b79d225c24e0e85
SYNCOPE-1925,091050d20a0b8a0ad04e5bcabdf8219fc677f530
SYNCOPE-1924,9826b551993def0af222c94c9c68eed2dde85e83
SYNCOPE-1924,7cbed68c712aa7112626ac410f5b83e3068a1474
SYNCOPE-1924,276f1b539dec133855b46c0e34463110b84cedcf
SYNCOPE-1919,566ca205931674f9f69ff0bf82d31c9b51b7404d
SYNCOPE-1919,59909ffeb7d0b783fd7b292902c43631d36f8d38
SYNCOPE-1915,23ea47c9f4f917155b401ee16f0ef4edf3d8f427
SYNCOPE-1915,142a54f49f35269c4becca4458d09ab2389d6a4b
SYNCOPE-1911,650aace85f74dd4627d71f00dc076717040cde37
SYNCOPE-1911,831a44a5a2adc6984ecc3d784c28499a0ba6019a
SYNCOPE-1913,acbd7382d6235cd664df10d01b46e90440f7c5c3
SYNCOPE-1913,bc18ef0aa2a0243da3344664edd346af4b3bf5db
SYNCOPE-1912,65377100fcc8a7fa34737677eff7e6c22d10d78e
SYNCOPE-1912,99ca0d39b95df00c62a46e556435f69255587ef2
SYNCOPE-1912,0b70e34417a5bf070a7532d14e944cd098f8621e
SYNCOPE-1912,16c9539b505719897aaaaabf2ef139dc93a913ac
SYNCOPE-1912,8c281caf1280a8397e46ef34ad92bf2b63d648e6
SYNCOPE-1910,70fb68bef23e3a9ce6d6f10866af9b24af8e7ac5
SYNCOPE-1910,9bcd30bbfc31b8ee24c506195199422a404cd1d5
SYNCOPE-1899,d85e54e062d982252108e1de15a3809274119c9c
SYNCOPE-1899,6cdfc6aeb86a8318053dc01c820532bdef198cd2
SYNCOPE-1905,6f271afdcaf6a4d7d191a50429d9ceaf756df072
SYNCOPE-1905,4e25508580d6fa97c965c9d28520ceb481393b45
SYNCOPE-1904,2ab7dd95bfc14f4264852df512de9cd0ef98c26a
SYNCOPE-1904,4eefcc9b4857b649563e2ad826d082eebbb781db
SYNCOPE-1904,07b0d27d7553bd2ead79ff9486b5ca01f69be0dd
SYNCOPE-1902,230f2c42e92785e9df1835cdb570f76dff62279d
SYNCOPE-1902,c21fe8c199b1dd5db5f27b1037c2ae36908aa554
SYNCOPE-1902,763fff031b9361c37735ec1780ad19dfe7ab0b97
SYNCOPE-1895,919620ccfbbe2d542e4cf8ca863b4cb536efdcf7
SYNCOPE-1895,20bd248957b457437aa37c2da54cd419ebe1f958
SYNCOPE-1895,0482abe2d5741de693b7a8c48ede3b4c13f31d9b
SYNCOPE-1899,0d11f4e437a3dbcd40ad503da6ea5ab3aa1ceafc
SYNCOPE-1899,975820b29eabd1a575ea1d102ea165eb0f33bbdc
SYNCOPE-1896,a3052229b353cb9127591b56d5b6243f7103524a
SYNCOPE-1896,3bc9e6a4080315bbe13c20f6cabc69523cbffea2
SYNCOPE-1896,7d2d173e21443eaffa4ba687f7e6e85f21383573
SYNCOPE-1896,cdc666e5663b99d5193d168c6f43b0a1f3c7bec0
SYNCOPE-1891,7ccbc322937c4067f546f51c4cf857f7bdc34d45
SYNCOPE-1891,c88aa6a9ca69d7271f74d578d9741fab1faa7b90
SYNCOPE-1891,b204b33ad3d286ef948b1879eb9fdcb465794803
SYNCOPE-1890,db551d63d62782b7278931034174e1debc0dc0a9
SYNCOPE-1890,e3dd7308654926c3e8c8d30e92fcb9d23b53e691
SYNCOPE-1888,2ff1678b51c08700bbc17bd3df420f5c0f15abdc
SYNCOPE-1888,6a1140a529810edb81348dee7294eac6b04f8a8e
SYNCOPE-1888,e9e8cb6cbb0cf1606cca417e351bc612ec83fcbe
SYNCOPE-1884,271f33547ceb6e3ac456428d4bdce45bbdc6f2e4
SYNCOPE-1884,cc9f4f61f76e41812eb0aa994c123a0745b52e77
SYNCOPE-1884,19c9a8694efa9ca9657d1d83fdb08815d46c1333
SYNCOPE-1883,70e6206e9de54c7632cad813d07c29b479c1e4e1
SYNCOPE-1883,426477bdcd02e9131c96fbdc21d742c17d5b58c9
SYNCOPE-1883,4265c0d6209538cf2bdeb01217a4d4933a0aec28
SYNCOPE-1882,ae1b410f387858473069c4381e8260d893c064fd
SYNCOPE-1882,b35f8309de7227fd53211b1c23564c0774eaf017
SYNCOPE-1882,387a91e6d8207a514b76efbc73c631ba5db39366
SYNCOPE-1882,427d8fad45f6424aaad4d599eac7b459771e1fe5
SYNCOPE-1882,facbec260c66bf978d3da44e90f0cf3c08a8e004
SYNCOPE-1882,ffaa6827008ad78296fd4d17f81ac1b2c94a548b
SYNCOPE-1881,2510cbece1cc20384a13b26a34bfe8ab3c03547d
SYNCOPE-1878,bd74b2a3f3f6b5cf13075c26935e9c86eb2f7480
SYNCOPE-1881,40f3850eefe8d5a3e09f4680c3b5291558b9b6f3
SYNCOPE-1878,69fa6b65b093b1f1eeba1c29dfe67f50e2191bcb
SYNCOPE-1878,fdb3eade2d7fc7d4e447230ee3db3a0e3ea0be14
SYNCOPE-1878,16b57dc37d4e97302975680c5a1dff9caa9725ed
SYNCOPE-1878,03ed488fe8380c9de0dac3f9e210ab0b9c4627ca
SYNCOPE-1875,6f1005ba907d0b32fde94e66eb5a687158c74bef
SYNCOPE-1875,268ee88d99dd709ccfc2fee40057705343fc880c
SYNCOPE-1875,b142d9c85c2e4449ae0cff33e284387cff36ec1d
SYNCOPE-1873,26dc2b30eba2bd1f79e0bd46ac4906085c2e6797
SYNCOPE-1873,d8ffba55a837d1f415ed51e0b97bf14d26ed3f41
SYNCOPE-1873,7642e8cfc0399897f9effe2cfc5945f867b83ae8
SYNCOPE-1871,bc135bd76aa40e72223e0c4422de010c3091503c
SYNCOPE-1871,10fc62dc38ba220e08f881933ff8ff9d6aa70524
SYNCOPE-1867,dc160f4044d68076c7703ca21a8bb45be99b269d
SYNCOPE-1867,c5265d4a258451afda756c8a20730947e4a6f28d
SYNCOPE-1864,c0cfc09be01f96551b60fa64149f8ab01fdb3eb7
SYNCOPE-1864,ec6ab7a3bec91a732d85f6b0efc626795d6e5e04
SYNCOPE-1864,a2c77d3f665a6e13d5af669988a24481d8503610
SYNCOPE-1862,66de2edf18576a051abeef34cf65ea96821c5059
SYNCOPE-1860,50c502503bcd08f9d1045d28a9c849b76fd86284
SYNCOPE-1860,d580900ecbe2661ad5cb8eb41c9c0b58c65ab455
SYNCOPE-1858,1d3108472cb4e61405f7a77eb4c5ae30575f19e5
SYNCOPE-1858,c321995515d098d6e4dbe5f15a1087d180b51660
SYNCOPE-1857,386a1f0788b8820e5d6aa37d5836b1bee611958e
SYNCOPE-1856,e4ce8ef175f337c6bb3c647f1991f86ede23b8d5
SYNCOPE-1856,4b183323ac38adac4c93f53c5faef2c7083c09d4
SYNCOPE-1851,20014a4f94cc11ab20fc9015803c6a0be266913a
SYNCOPE-1851,634e757eca222e0553d629e79a8e28c12bef9e29
SYNCOPE-1851,2d35a9905cad547606f973d725572d56a3bef0df
SYNCOPE-1851,93314059934574fe8f82d5a958661a8e1f60bb31
SYNCOPE-1850,db0703a2bcec32cfc43a3a681b0e41e425a5e57e
SYNCOPE-1849,b05f5706b6e18f95f7857bbb4090735fa66fd81e
SYNCOPE-1849,656ae60d2b7c88233519003c9ececb8367fc11bc
SYNCOPE-1848,0ce9a6f53c40697759c2fc6f9ef2b54094633458
SYNCOPE-1846,94ba6a1f18c6a0c886ea79a2cf888897b9d45225
SYNCOPE-1846,cfe797ec57756c374a55c5692966b48864e2e1ee
SYNCOPE-1846,8ece6b8e7daf4526c8cc7a4f14e5a4fa215430c3
SYNCOPE-1846,81961d3936b92d07afb64c8a0f0a0e65bc04d52c
SYNCOPE-1686,d6cd81ad2d483fde0576b59e9063d55f3496e20c
SYNCOPE-1686,5a677734d05bd96ae929ab7b1673b0ffdda12f11
SYNCOPE-1686,f4a13f30210bed902ea358d03667902e5a4ea6e6
SYNCOPE-1840,86b41829e4a33f0068138014fa6f44394c06a396
SYNCOPE-1840,ea65d9f168703d74c5f9b7abba1031ce201405d9
SYNCOPE-1837,406fb912f96786573494965caa09742ceb719c2c
SYNCOPE-1837,e31948d6256878738f6bffc053ff2865658adc58
SYNCOPE-1839,4eac9a5a54a5193cf8be065fbeca4cd42f6bc5f0
SYNCOPE-1838,9e1376ed2b23c6331b2de93bdeb8a64ce51e4826
SYNCOPE-1839,24f61e044cc3411fc440cc3c77e95d25836082c8
SYNCOPE-1838,7f8a5c663f9768de710cfca08662d8a90c9eefe8
SYNCOPE-1833,60c6d32e052381ac63ba6c181410b15a5f3b74ad
SYNCOPE-1833,6d7c38feef16cfc43c7c778cd0d8393ba0f24128
SYNCOPE-1831,03021223bfd201408bb6ffc7f722435f2d8812c8
SYNCOPE-1831,3ed59ca0b3af63fcd31a4e8626a3ec606e01fb7e
SYNCOPE-1828,5d1f4cf9f780a57a368288ef7026979a3430f604
SYNCOPE-1828,f0b1bebf90bc96578fb0fa97e53b9558075bdf3f
SYNCOPE-1825,089fe5adbb73647167978bd2afadb1c0a1395a7a
SYNCOPE-1820,76ea64eacdecdad18fde4fde1faaac54021da022
SYNCOPE-1820,3f1346e2cdbd315a0ee58873c3b1cc2595875d35
SYNCOPE-1817,669715aa8a53ef1165b961eebf33eee1eaf8902b
SYNCOPE-1817,bb79240ccef7791d31e8360be087ae7d3b3b2c07
SYNCOPE-1813,0c32003a60a538d976dcc392aa08c0a2d9aa6831
SYNCOPE-1813,389a4189052b998bda4affe01001ef2c04fd1dd0
SYNCOPE-1812,65343231b46a773013bb73fb1077037d17bc3c62
SYNCOPE-1812,57438b78dc9be155d1bcb96c7e2c69bd563a19d8
SYNCOPE-1806,cfc59b624af78cb07d10cfec67747bec90f9907c
SYNCOPE-1806,1926165c4c034daacfe11494c071d683eb6af443
SYNCOPE-1806,b67cfff546ffdf3233460789e3343410161d77b3
SYNCOPE-1806,5145c09af48a2f6422c031b0b91e3dcd5fe4cac3
SYNCOPE-1808,049209b92610f5aea6c043240a3a91998cfd2b87
SYNCOPE-1808,bd0b9d897fc0c2ca4fbe3a4bc45e47e745a66396
SYNCOPE-1803,df729ffd2c46001de81e8d0de9113b427bdf7e3a
SYNCOPE-1803,7925b3216930dd5df558d35609a1066fcc6e6359
SYNCOPE-1800,1a6373600ae80239058fb1b673679720dd4bcf6a
SYNCOPE-1800,e7580420f49457627829c3f0dc038d9d4a8da053
SYNCOPE-1798,66359bdf29deced4bf1518f084f82aa0079f8767
SYNCOPE-1798,dc1eb5c455a03c52dd85f7c512079e3542f642dd
SYNCOPE-1794,4627d3ea7d62001e2b2deebc6dcf9738152be334
SYNCOPE-1791,34f17d8351cf5bd93c6b929bd0715305018dd0b5
SYNCOPE-1794,924262083e8326555a92f113b11eaffb466e1fc5
SYNCOPE-1791,760e60b13a5d522156ed2156bfc0b8bb4fc5e307
SYNCOPE-1791,6e9d930d18cf8aca3f2934c706c5767ad3f2a050
SYNCOPE-1791,ad28f966f09fd73d6bf5a45f6ee1661ce3234de5
SYNCOPE-1793,c8abd0565eb52697fc1021ac0c20dda7ccf1eec4
SYNCOPE-1793,dd93c8720c6af647bb926e176e9dba01c0a529ad
SYNCOPE-1792,27709810be1088255f503b62c781b9639043dd8e
SYNCOPE-1792,c1f5084050a39dbb4977501b1bc8c428760eb612
SYNCOPE-1790,236cf8c12386bef51c754cadf6aedd23d9ac427b
SYNCOPE-1790,cdd0bb585d536c411885d2a12017a6cabc8b16f6
SYNCOPE-1785,0522b7176ad53edf9976ae4fa153d9d0de78b71f
SYNCOPE-1785,7bde1ecebe1195d7a00abc7788a3dbd06cc3373f
SYNCOPE-1778,16bf6eb0b0381ebab2aef21de2fa43b04fb6cf1a
SYNCOPE-1778,031dd1fc01f51538259ee2adad0c541587ada05a
SYNCOPE-1777,d42cb2443d02f25a0f747c6b8383fc01a4f0ab9e
SYNCOPE-1777,e88df3def0546fff03780f7e29a76d70edd710b9
SYNCOPE-1764,b9d1d4057ca9f2a62cb9979fc8475f40167e18fd
SYNCOPE-1764,8914b7a71c73cea74058bc324c67c617a7e2ecc9
SYNCOPE-1774,9a7b8cccddb151babaffebc03bd811abfeaa68ef
SYNCOPE-1744,ac3499444ea3d5ea8bcd1b87e92d6de1962e4ea4
SYNCOPE-1770,cbcae20f2db14192fdbc8b8afe303ccea6c6a8ec
SYNCOPE-1770,73de3cf3eb6f8bbe9b651a1ef578ff2f2be16a3d
SYNCOPE-1767,9cf1103ba1cbe08d30af692adcf0cbfe66111c69
SYNCOPE-1767,f8ef9e70b1031e173509c417666eee6afc8f9079
SYNCOPE-1767,0bcb1f527b7b399bedb35dec36b5929bbe345158
SYNCOPE-1763,7e76aa8144252f04056df5dfcdbc0fc46dbec01e
SYNCOPE-1763,37b5caa144fcfa3704a2c2f0f6816f246c61e803
SYNCOPE-1763,e6d69eda0223832db5b64163ca33c8e2fb048df4
SYNCOPE-1761,233ea4265f052d497c1dc12096284f102867d8ad
SYNCOPE-1761,1085d945cf60e15dd3f99ee24ec5a3c4f00db8c9
SYNCOPE-1757,75da26743a88e34d813399304aba5ef9223670d8
SYNCOPE-1757,c0ca6ed6654b27d73c0736bfa7307369162a0c42
SYNCOPE-1755,05b8d64a77de3c21e69eb213f39e121926bce3df
SYNCOPE-1755,1b94827b11c920a5bf5a99354b86fd81cca392d4
SYNCOPE-1755,c9f7a86ff4ec22d9a59e4712f6b1be10f1086aa1
SYNCOPE-1755,f257752a0e5be2f1dd917263d24e4aa00d0ee2be
SYNCOPE-1756,b5b53d58aef18d061e494273d2a3dbdc9ea86936
SYNCOPE-1750,daab4e2a2574c0ea6d03eec87c8eb77f515027e7
SYNCOPE-1750,0f5a1edabe583b6160fe63e3f3811bd8a4ab7e09
SYNCOPE-1750,c3d2941173535cfb60b1aef19e513756131f272d
SYNCOPE-1750,75b799adfbe541b48376ceb90d01e2c316f0669f
SYNCOPE-1750,1d74320071ce7d5822fbac564bde01ede0908c10
SYNCOPE-1749,e01d9a12851bd51750383663345c8ff1e336683e
SYNCOPE-1749,972ccbaf61026e3654c1de8f2072a766dcf2c0e2
SYNCOPE-1749,9b684b342fa3520528df389905c613ba82e828e3
SYNCOPE-1742,4b95adcb6402bc6d5f52c4e7cd019b4656dd06b3
SYNCOPE-1742,9bcdcde0e5b24ee658fe4ddf731185ece11b5e23
SYNCOPE-1737,3106f99013a684867f64a59544e5c21f91811aca
SYNCOPE-1737,996146815f8a982b99784c292dbe3ad4ed35464a
SYNCOPE-1739,c5dbc6e9e1a2b23a5c582fefa552ed7a988eb125
SYNCOPE-1739,b0d28360f883e27a8ee474e7b113c20b85b460a1
SYNCOPE-1737,b506bcde1f2744aaa8f44886c878d6805759b108
SYNCOPE-1736,3e1619216e447ed8b3411f41f00bc7e670214959
SYNCOPE-1737,e2e12a9282a22bca1899335e65832561699223aa
SYNCOPE-1736,0f549a5af261eb65cba5ae7aced780178e036ab9
SYNCOPE-1735,df0818aa20e1ac821dd04db0d63348b439a9f5da
SYNCOPE-1735,6d3a27c76a4a37a53c4daa5723ee8911b07ab774
SYNCOPE-1734,60d33e9c1b655d9d59da3f3bf4bdcfb4dba6d7cc
SYNCOPE-1734,37bd6247eea571f8c671c3de1f71868209c93f5e
SYNCOPE-1734,74b182f40bda5c99e17a7a9d71635d1ba3a05d66
SYNCOPE-1731,4ee601c0f691fba354961fe806c88fa0bf413cb5
SYNCOPE-1731,6be56158bceba16a13d5e3309201796313e788a8
SYNCOPE-1731,afb42d99c544f57b62170c03391ac11b56ff85c6
SYNCOPE-1730,df5ceff0dce8bc03831e9d967e27564e63c04545
SYNCOPE-1730,613680030ee29ce0bc6f234a6a6927142e44c465
SYNCOPE-1727,f2fa9d243b99f798bfd02ca87fc93e4f7627fc32
SYNCOPE-1727,624487e9cb3cdcc8f6bcf8a4436641bef3708ab5
SYNCOPE-1726,eaad1f0f2a3a38bef705f917bd0014f758f701f7
SYNCOPE-1726,cb7cfa27e97e38178a608621671476e063272981
SYNCOPE-1725,086617475c46a089043c763122d2e0b49fb72821
SYNCOPE-1725,26e78b10affd976b01046ea3de19ad827e7d857d
SYNCOPE-1715,0bc3ee08eca1217f546a2d00ab949e6840ec1071
SYNCOPE-1712,30f9c1ef1a806711569c8dc82ae706f3ed3b0c45
SYNCOPE-1711,6ca1c01fb4ebb1f217e321323656c5ea7e555206
SYNCOPE-1707,5d0066749e291eea1f265599e5d634d7d9193a51
SYNCOPE-1706,1b329c1cfb1cad7793a83a45a1a4ea9978bfc07e
SYNCOPE-1706,396b01815ddb802eaabaa91082ccfaec72463a12
SYNCOPE-1704,74b83cf21c349b140193b2069a5a31bbdc2d77aa
SYNCOPE-1704,fffdd3a048b29d98e80c0f0bbb468c35801153f1
SYNCOPE-1701,27243a5faf6311ae6b53cc661c811afeec4c7b2a
SYNCOPE-1693,3e5564e0e9710b4fe847c82bf8bad12a12108653
SYNCOPE-1693,4014601f040b4a48c46585e4259d968bce554ec8
SYNCOPE-1691,f915dfbe9e39e64eaaa63b80fa3fda71f7bc9c13
SYNCOPE-1691,f092bb42453f40f7a169470dabedb32123b80652
SYNCOPE-1690,703803cc8ed2fc721a5e6c080ed231b9d1bce2d9
SYNCOPE-1684,0cc265743e1789d7943a708bffa64fb04ba7fd4e
SYNCOPE-1683,e53341ed4d822ddc73e778be8556070a7102b8f0
SYNCOPE-1683,92c61e766099d4fdc0566f02558be5babc0b8148
SYNCOPE-1677,2cfb1c0e654784eca947500ea7193db3d9de38f6
SYNCOPE-1676,2cfe17dfc3a189a4675decf5f963615e22718933
SYNCOPE-1672,40710978a407d10e35f2b8f776e6872ae31fdbdb
SYNCOPE-1671,a99183dcc6fc228a11e31f5e5bad35e1682bf37a
SYNCOPE-1671,e523a662dae2b1defe479edcdac87e1136ab4f35
SYNCOPE-1656,cc7f2f66b21479f76f632dc24eccc4c5d7c6868b
SYNCOPE-1656,50e75332800a63cd722e29f1422cbb449908a6e9
SYNCOPE-1659,f8a6b6c972b5b60584475437c10df1e699b1bcee
SYNCOPE-1659,b3c11d2d8f812fe51f0e3fd74626d5f6629ac457
SYNCOPE-1664,44ff4f3069a645793de69fc72abfe21e9323c340
SYNCOPE-1664,4581c9ca0f567eef32586073d8c4d9718c1827bb
SYNCOPE-1663,0211426a5b5c46adbfdb3e6beb7253f99eeaabe7
SYNCOPE-1663,1fb8b4fa3a7d0af2158f01d61dd0a0e35a86b8a5
SYNCOPE-1663,9e29c518beaa07dc3161cd23b48c6568e595733a
SYNCOPE-1663,c2f2cac38400503946051722b332866759133a52
SYNCOPE-1612,c23c02bf222bf7192e6ac82a49fee4b313b92a14
SYNCOPE-1612,be8d9c004a145bd5c7bcb1d72f272bc2c185729a
SYNCOPE-1657,ae2d8a6a9d53716e1bfa93c2bc19366072d1dd1b
SYNCOPE-1657,c3a016d0f16b610726ebd07cf997ab294595b0b5
SYNCOPE-1660,b1d11bd9f1e7a9e8a5f836376879e22cec07fae0
SYNCOPE-1660,5938894368c255600175de0b66e5f139605bb774
SYNCOPE-1656,bdeaaf4660a7b9b3fbecf20f41c9db20cca6aed0
SYNCOPE-1656,111cd779dc400ff567e3362e0e982b64354bf3f5
SYNCOPE-1654,a9c2be288c0fe0e024d5489d6428f616644665d0
SYNCOPE-1654,e6dc5e8d79b58d50a760c70f55f9c6e4ae0b7a8b
SYNCOPE-1651,2f23ffe579156d901d0cfd1079c3254b925a9c8a
SYNCOPE-1651,615bbec2fe069f1cf813648ebb126a721e80d0e5
SYNCOPE-1650,2f53a63f2abd5d0479d5242baa831d13186215bd
SYNCOPE-1650,1481a288df7c3013d678ba018e7ac8454d191a28
SYNCOPE-1649,f62714915fc141118b043bd56087468b64b470a7
SYNCOPE-1649,8e48bb12c07b804a5801f611a1f8e9c8e8c75c12
SYNCOPE-1648,d37e91928c22853d12ff01bc5e3bb201f6054051
SYNCOPE-1648,42607fb6eb210f27ef79f4c6cd55dca3dbb1777f
SYNCOPE-1644,5ec4e92bf7f996f28cc2c655aa9671ef2889c137
SYNCOPE-1644,e59b4567e90cadc93852349aff29352a3046de13
SYNCOPE-1644,e06159e1a6323a63d337741826860fc3a7a85f0c
SYNCOPE-1644,f18da0d71fda4892466ea707cf297dc0f789f7ef
SYNCOPE-1643,569fc1a3190f61105c81dcf773dcea4d07bbb544
SYNCOPE-1643,7ceb056973ee9f3350eae608236ecc9f53f40721
SYNCOPE-1640,8a2ef9f3d26c988d7189d01aed5f067b74e24f06
SYNCOPE-1640,c8b9cb2a0e5402ad462f1328393cc47475c3c6b8
SYNCOPE-1635,1915c685709551e3cea1452afc1d8f67bb15e18e
SYNCOPE-1635,3ca3354a89fe0fed1476c14ae747c98fb8a85aa7
SYNCOPE-1634,1a7229230e6e058cbc2152530491e8c98fc5f433
SYNCOPE-1634,3e1bfa6c4a337d6eb1789fbb9d0459b7f78a5255
SYNCOPE-1629,b94270d1e42937d3ca04a8fcb0182f3ca65fcb74
SYNCOPE-1629,6cf2aa0355e9f728b3038694ef80b490c63f6f3c
SYNCOPE-1629,6f0df022004e4cb23e5d3e0a9104d51914be5a91
SYNCOPE-1629,d173da98bf798ea6d9c0ea14ed7a983c20637272
SYNCOPE-1628,04c8bd32425107209267c66b57774f91e5354723
SYNCOPE-1628,c4da851e6c68bd72989a67fdfa34f8daf711882e
SYNCOPE-1628,3f799ba940399a1c381991dfc501a43afb6d6fb7
SYNCOPE-1628,155521dc3442bd57a83e0662ee2b9cbcd32423bd
SYNCOPE-1627,99c0d48a1ddbac13a06458fcbb544ccce6c3178e
SYNCOPE-1626,2646c26b173072ce746545d881be3cf2a9c46c9a
SYNCOPE-1622,b7dd31d041e5d7550276f2d39181a9e7cebf0287
SYNCOPE-1622,dd54534420cc49431612cb4fa605df963ab28879
SYNCOPE-1622,39ff1c000146289c9182b3f43b33937577013551
SYNCOPE-1620,e554c1bec98f4c7c341b1b2ae203bb0e28544bc0
SYNCOPE-1620,da468885e2a1f5d17106c15affdf18dd8924b52e
SYNCOPE-1620,afa0ade493c838cf90ab2ae641ed73bddca83c95
SYNCOPE-1619,062803068e88ac7838c4b1bc7c0de84c09184fde
SYNCOPE-1619,6b82d14c3ce727c3327153d558ff4e46ab36b102
SYNCOPE-1619,7326c254f1e3ed1519ccdb7a1e5f26fe23d28d7d
SYNCOPE-1619,0765c050e767c7361c66cb295de4c2d6979c23fe
SYNCOPE-1612,82fd7d82957d0b855242e1c9bfcaeba4bc2df9f0
SYNCOPE-1612,6c5201ab6e9bf68a626052b47e72867b60c92963
SYNCOPE-1616,95b56b8099933f1cf2f0145a33261d7cd10cc1ae
SYNCOPE-1616,f2f992dacbc1d5f0127ec1a01f064d0655241d9d
SYNCOPE-1613,64a55eb422229a1ea5fbe6efe3c0516d607e3fa3
SYNCOPE-1613,4b5c1079ca24fefcbb638463b5d2c1833fef9150
SYNCOPE-1607,44ae5f248548a350fe693ccef1563d67bdcd37f3
SYNCOPE-1607,4b0db83814181726d4c09470573e5b71a07023f8
SYNCOPE-1607,b56f495e4c21f7f9d392f1a0d2f9e209d4b46921
SYNCOPE-1606,15094166cffac64ab1f1609a83569f8fba6f6f40
SYNCOPE-1606,d99f24226bb7027b851c666d63fb4fb81b81ee2f
SYNCOPE-1605,44db3ed2b914b7b2cedff8c34c7f2ef817e432a1
SYNCOPE-1605,a9dd2e2502fce59c4589dceac94401ce97dd1198
SYNCOPE-1604,492f2807adcae9ce24ebaaab51cb3c0b934cbea8
SYNCOPE-1604,1cec965d18153f70b3f3eb2c4e3c93a2780c2177
SYNCOPE-1603,a9386fcadee463d08037a6383d294b959a8c92f8
SYNCOPE-1603,1acdd4e45e2082be724b086b50528c38bd529cbd
SYNCOPE-1602,61a03446a8416e281ea23082e75852edb30b3d6a
SYNCOPE-1602,8ae2b010323335432c0bb0492d8ec21b7f5e4d35
SYNCOPE-1601,021fdb0f16c720a688479c90330f6f27c8a4bf2a
SYNCOPE-1601,ae753776b67642fcc9b5dd287b660d44aa28f7e0
SYNCOPE-1598,501375b0f8b2d060e86539ef629d66bcf2e79aa3
SYNCOPE-1598,9d02943ed8676916584f8a40ef384526c1b8f72f
SYNCOPE-1596,48f89ac65431634cb0176d432daa15fbda1f8997
SYNCOPE-1596,6d19549f6afe580a843bf9dd656cecfd2d5da8f8
SYNCOPE-1590,5424210cfc4f255d2aac11d61095b5bebe88c4e5
SYNCOPE-1586,0ed3b04721651066eaff3b74fed365d7900427b4
SYNCOPE-1586,eb223a0a7ae82eaa49ec1ad824c22d6d436010c7
SYNCOPE-1549,feacc1a2b3e31b13bf53be0d6886a36cd6e762bd
SYNCOPE-1549,713ae29ab80da5fed27f66cfaed3b5526edd155b
SYNCOPE-1583,04b107b2353bbe93cdaccf59c8c136ac3b7e46e1
SYNCOPE-1583,2786609b4e47e2371cca187e0f14299a258ae65f
SYNCOPE-1583,89628f33d37fa0a8855d6813880430692d9d2cab
SYNCOPE-1583,ecf2975e13a21a32c59a2614e2e2b61379f41832
SYNCOPE-1583,b96970ce7c3511d990b6a0ca7e871ff21e156ce3
SYNCOPE-1581,c1db6939f457c717a43999af7177d50a77e42478
SYNCOPE-1573,3551932670b0d90eb6c78ec43f97989b9c663af8
SYNCOPE-1573,61dcfc8824092a0f1b07acb4ffe9998e7cf8ca09
SYNCOPE-1573,c88d429bbf878d8ba62200cc744023702b03e5ec
SYNCOPE-1569,0da7a8371371a2beef832c70d1b784c2d02a430e
SYNCOPE-1569,81c12b47607eb8d335dc7a17fb72d5035d8ee4c0
SYNCOPE-1565,ae9f6c8cfd6603d34860811833b6b043b3143f46
SYNCOPE-1565,9dd15ced2455457c75b76849c8ea0e73ee57829e
SYNCOPE-1565,7619c6d690792e3a141cf3bc7140b723314f0dcf
SYNCOPE-1567,dbde3de847c52a7d6abfb62fa96ce8358afc2f4c
SYNCOPE-1567,ae10e7dfa130af69b1398a0d719d8eb167547274
SYNCOPE-1567,8258b46048e626e1489949fda4ab3241a341413a
SYNCOPE-1560,1645d2adfbd2b35085cc78028d4b98a3f1e8f1c6
SYNCOPE-1560,fefda624d44eeb2e50d390b16238804a241ded8c
SYNCOPE-1560,813625713812587eb683205cc8e5d036ccda08ff
SYNCOPE-1564,d08d0a69e14cc890712745dc2d57c23fd3c91618
SYNCOPE-1564,a3ea7510ef61074e193e2d519e4c21745166681a
SYNCOPE-1564,017248b223a1b1a7fb14fed46dc1aa99490aa050
SYNCOPE-1564,9b0837f125b9f71b937f411a6057f2de84fa4069
SYNCOPE-1560,050fabde66d5645ecafa8dc44d5b232043fcaaa4
SYNCOPE-1560,02824d269ad4674873513d58b270e8cdb473c739
SYNCOPE-1560,544e2c32c99b70946d32303b567afca130a09307
SYNCOPE-1563,edae2ad4de71fe5570f46abc089af34ef824a8b3
SYNCOPE-1563,6b7d561bf5111146cccd8b0259a1c8f108f295ad
SYNCOPE-1560,1f0e959c894ddf7c6119d6421cabd16acc8f2007
SYNCOPE-1560,bd0c0d5c280b9582059c76fce283971006d4f8af
SYNCOPE-1560,a95e7549951d38cdb0b54cb37abc2edbed9a8c65
SYNCOPE-1561,ec10c7b4249515faee7614c8affe4c60f1cf08fb
SYNCOPE-1561,e07c0aeadb9d00b07a2ecec283d34b94a30e04a7
SYNCOPE-1560,96af0e3a3225ea8b56331ae2538809674ed06f4c
SYNCOPE-1560,52b059d50c7e03b8053425fe6f02bcb2bf9300df
SYNCOPE-1560,43299a949195add71086c3dbb683e2ac402c2acd
SYNCOPE-1560,fe4721bc2e76d127bfecc1ba299007b55ab2ef5e
SYNCOPE-1560,1fee925e9fa15f0cd4676ef5887d56bd471b662f
SYNCOPE-1560,775952d6718c345a96e46183cd1a68868a57cf8b
SYNCOPE-1560,54b8588a4bfb529c15cf963436c6167dc5080a2e
SYNCOPE-1554,8ca124a5ab6b3e289eeed926066a365f33257648
SYNCOPE-1554,ed7df84e321832583ac1e8d8bebbee728cd82638
SYNCOPE-1542,5ff01723c59a429dd7c761138505dd312e08cb58
SYNCOPE-1542,c688458d2d3b99dd3432cc9e6750e3d83ffceb59
SYNCOPE-1542,8e484b3ac224dcdbe5fac9217fa7889ed9581707
SYNCOPE-1542,c5626b5aa7850325f3b938c73586a81115d7322a
SYNCOPE-1546,475e5f924c60509436eb4a74aef1849ded791436
SYNCOPE-1546,9aba7838c85bf16163d1d43841793112c6b346ba
SYNCOPE-1537,43b05dea91097162c95e99184bab4bb724c6bb7f
SYNCOPE-1544,2ac89d97b64026ac656bd84e63e287c1812b7afc
SYNCOPE-1537,503bbb4b619f353c68dba71b1a107ddca82aba18
SYNCOPE-1537,34aa2dcdb36886df09e9e5c2cc3792486d0d4050
SYNCOPE-1537,c56592e4c0d9787942475917fd3f544a8fe3a63d
SYNCOPE-1544,53c326153685d0672f0d3d362a8a23c42e582750
SYNCOPE-1537,146ee484e4d04d84711c73617fb3f5786573389b
SYNCOPE-1537,50e0ec710f18d6c3add2651199c028b965164a75
SYNCOPE-1544,c9b2ec1eac71ff88a50a81553167418060ff0c31
SYNCOPE-1544,4cbed0914456661a15625e008f86c1d50383038e
SYNCOPE-1542,f057013572f20bccc9732aa0bdb4ca737bb6c55b
SYNCOPE-1542,20da3c333a6b9328e88084adf3b79b3834a3d115
SYNCOPE-1542,0c1891200ef2c07597fee7986e160e0f5daceee0
SYNCOPE-1542,ca48c313bb846e55881011777cb152ca381cc01f
SYNCOPE-1476,4ae39ce664b27bdcc9df39490f37592f8c8069d1
SYNCOPE-1476,abdb19555d906d9b0a1aafd527e3ecd4756464db
SYNCOPE-1538,15838a962ac6814bf392ba86b50f73b2d426ae29
SYNCOPE-1538,19e4dbac0b0c10a6f94af179aad909f74ebbc395
SYNCOPE-1538,b0b8f8b8fb5047d3d4de2d71f4d6cd266e9fe5d8
SYNCOPE-1538,de9cb8651d7bdbfcf8cf3e35459c2479382be02d
SYNCOPE-1538,dab3acbda04dd0ccb730eee539db4f4a82359d2e
SYNCOPE-1538,5cdb90093b21238478adc9d63a99619c69db3aca
SYNCOPE-1538,3c19c4f594a7c080b61cfa92a892c05cd317d1bc
SYNCOPE-1538,b55327827004d7ab2a0d75d19315206bc738d803
SYNCOPE-1539,2d056cfeada21bf3399d0b9914d871500a709fe0
SYNCOPE-1539,342d0b583da7298298419d87cef60589ada2bc1c
SYNCOPE-1538,28f31bb8b93cb508110d0fb0a125eb974fcb3df4
SYNCOPE-1538,228cd0f21fd36e99baafddac2445ac7d90572672
SYNCOPE-1539,1994060913582156b756fcbe0d6aab395bf04f73
SYNCOPE-1538,cb72af53771e8fd909e8adfb14fc9b415916bc27
SYNCOPE-1538,a4d851e7a84b3d02a3aa5f5b48b138650c7c7086
SYNCOPE-1536,628060a9d53b4bfcde79ca7891f152ec0e76fdbd
SYNCOPE-1536,b47b646e5640391ab03b86363b40a534b57d3045
SYNCOPE-1533,5ee66e116e8cd6a49ba94b0086d0b5ccf74986a2
SYNCOPE-1533,15bc95cf7be0ddd90a26e6285b84ddd8069edb1a
SYNCOPE-1533,c1ae2ae798f664b8a5188865d36af9d712647586
SYNCOPE-1533,ae5d44c15738d7b0671952b4cc793dca212bf1f1
SYNCOPE-1524,1f16f57ffce185724c29808e06128c4a561b40ea
SYNCOPE-1524,8e9098f4b32d8b96f836ee197555b60439355351
SYNCOPE-1524,d165f458e0c9116d15a2a0f56dd14b60532c242d
SYNCOPE-1524,61e4da7eff4573bffad1dc4433951b3140933ff2
SYNCOPE-1526,2e8400196dacdaae08f123d3a8a190d69191cdf9
SYNCOPE-1526,26e7297d9c368e1f7519614905d9872a792e25b3
SYNCOPE-1526,08e02e3bb6ad30e628a71cd2a2008bb7ae60538e
SYNCOPE-1525,1f71884ab5ad77ce7890169f36692928f9a16d14
SYNCOPE-1525,adf5efbbb9765a5c967a33d135b454e84210d096
SYNCOPE-1525,3869e117bd9c47290e668d939d3d47d4e591e22c
SYNCOPE-1520,5c2b4de1ba2c52e53f545ed0aeb856642c4a2fff
SYNCOPE-1520,460fa826d4136bb1bec5a271232f5fa0405a36c0
SYNCOPE-1520,2f621fca20d67375d9cd49f2159aff582ef8da5e
SYNCOPE-1512,dea9c22f4c88a7d8cc1f1abf87be40dd0383b647
SYNCOPE-1512,7d5505e2ce8cd49c9dc80a652974d41d7f39cd65
SYNCOPE-1493,37ae303393dc562fc1fd4c6dbfbfc214cfe8315f
SYNCOPE-1493,c0e7d463c635d5d9984b1eff52bc515462f728c0
SYNCOPE-1493,490bf2354eb099067ff3e539dee8758382620059
SYNCOPE-1505,553b33a46a2b2b2f6219b4a8c1512009e8306c3f
SYNCOPE-1505,14d274c720473981fe6ef6a7587b45c21972586f
SYNCOPE-1505,ea89fae0b7e934291adfbda54bc6012eb58453c3
SYNCOPE-1461,5e7c289802420d6c248a63f2137fcfd656eae35c
SYNCOPE-1461,1931668c68a9c21c8a74a42438896037d5ee57aa
SYNCOPE-1503,08a534d6464d78dbc24a9dd58dd04ecfcddb11a9
SYNCOPE-1503,6f3e6c8b8b43aa363e46323d7ae9bb841157f9b2
SYNCOPE-1504,352bd60131f0cb10526108b54167ffbbab93e731
SYNCOPE-1504,98064a5d9fbcbf49f8ca269483a8fde5acc9492d
SYNCOPE-1480,2e4126b485ab1889a167ae5c27d0d488b8d25d7f
SYNCOPE-1480,fdfa46ce9d1e8712ec92955744056ae0ba8a89b9
SYNCOPE-1480,ff9cb07abf411cfdaa7ba3fe020062e75cf4cc8f
SYNCOPE-1478,3d9fa5874a30a947d22f91bd897c908f2d9f71a2
SYNCOPE-1478,261fceac11a9d6fa30588059f211df2843be1b2f
SYNCOPE-1474,21d43a3014db1403c6486bb66748f9204c5a2ad9
SYNCOPE-1474,6d7d5574dfc2d4e753a9189e7ad4cc9fa89e4a54
SYNCOPE-1492,c98d2d7861827d7d03f6cf7c8d0e93ef462f9eef
SYNCOPE-1492,65078ae07af34f3fc0a86c4eea130dd88499a32d
SYNCOPE-1487,b8a1d39ae8fdd12a76a9a68695092b4ecb25c282
SYNCOPE-1488,b8a1d39ae8fdd12a76a9a68695092b4ecb25c282
SYNCOPE-1487,4b24ca7643b618e734ee8e0cb10287cb29e4ddd5
SYNCOPE-1488,4b24ca7643b618e734ee8e0cb10287cb29e4ddd5
SYNCOPE-1493,a29546f0ba4aca811bc10a9f15e6ce540723a038
SYNCOPE-1493,9d79fa626884c4e0c21f70ad0e4459965026abd9
SYNCOPE-1493,735ab416643ecaf62b188e26014c4711abfb9fb9
SYNCOPE-1485,052d10c4dc38163a488b395ceb7ebd3dd971aa4e
SYNCOPE-1485,f7a620cb295c6cc6af49f14d13e111e391de7063
SYNCOPE-1485,21d4e85697ae25dc801ef1055e9dd79f1dd446d4
SYNCOPE-1484,7e25619982861473d32ddb111da7fd21769c02b2
SYNCOPE-1484,cf66e82a586d7148feb9dc8444ced9f28e4e173d
SYNCOPE-1484,ac69701ffa8de228575349c28396f6113849ffeb
SYNCOPE-1483,344c511e9a9096b63b5976fbe56c71dc8969c1c1
SYNCOPE-1481,bd70d14885d5f03fca33f49558db49774a78e15d
SYNCOPE-1481,1ff8728b99bbc12bbe5887005bb16f0140fa92a2
SYNCOPE-1481,13ab92f8b80171c2826dd01cc5a796a738ef1bf8
SYNCOPE-1462,acbd537d5312171f760ba407f2af8ad5f22cfa97
SYNCOPE-1477,0ec02b209814446e8e254a3222649de5c1111097
SYNCOPE-1477,c4aff2848f9fe6362fc4eb227b5147933ca9fb19
SYNCOPE-1477,283122183c859cf0e32e89b6c8e0ab0079b6b5cf
SYNCOPE-1476,225e32f9244e70d4b3bef2fef29e412a01493aad
SYNCOPE-1476,c1a8c047595dd3a852574dcc848a14cf7426f9e7
SYNCOPE-1476,5e26a2feacc7672c40e2e40b28a9b8e3af427574
SYNCOPE-1476,233c02641b95380418128e0e427a7e7c1db77db5
SYNCOPE-1476,d04816047089acac216eb1a651783cd14316d1fd
SYNCOPE-1475,64799d7b92b3833a0ec107b4d23c97b1fedfa306
SYNCOPE-1472,4589bf1deec0b6408bf4cb26c60be923c66f782a
SYNCOPE-1472,5664ec94ccb233c6acc59748863dc09b386a2604
SYNCOPE-1472,1649d6d214ec10fcb9cc4a3e4ab319e873e71d4d
SYNCOPE-1467,bb7c2ba5d2cb60abe7e8f4aeb48615e8c2e79647
SYNCOPE-1467,1ceecccec496e8d7e92042cb6dcd2e609e25f1d8
SYNCOPE-1467,4baa5b56e5f199b71c248f4058b3841f25cef936
SYNCOPE-1470,3419d9eddfe0bf74e3a8b108f43242b6aa654e19
SYNCOPE-1470,cfd9c02ba39e11c10d8294ca249997f6bf672987
SYNCOPE-1469,0e65daf4038e9830a9a7efe3803a697c40be8d52
SYNCOPE-1469,4cf2d5c306e1a89350294821924365fe587be16c
SYNCOPE-1469,27f3aba37e780ae3852072a1be65d48ed0118c53
SYNCOPE-1469,4d974d6585be3b812620c69e00c9a36fc2a108e8
SYNCOPE-1457,f9734e3bde37456ebdf66be328d7bfa1eef34da6
SYNCOPE-1457,506f11ebd4e6e4367152dc7959d4e33003fe86bd
SYNCOPE-1457,43aafa5b5c0afb64a46f3c9ecd806c8ce1607c0c
SYNCOPE-1457,4d623ddf02bd8b048947c06a47c2adc8090a6f4d
SYNCOPE-1457,b2c7e7d9291283ecd631022c0a998ba37a6986c1
SYNCOPE-1457,c908e2c5002dad15cfdd0d66ae3223db763cac6a
SYNCOPE-1454,289aeb35eed92e2cd5e9ce1b20af52d8a6620609
SYNCOPE-1454,c65e17144a1863984efd66781743e7455d69a0e9
SYNCOPE-1454,20641f5e36182ff504ba1364881108dcc828a3dc
SYNCOPE-1453,5f13c73f2132fd0413c84aed0855da49711eee7d
SYNCOPE-1453,232632fe7eaacbc02ff445bc5f5bd4d17374564a
SYNCOPE-1453,a152e564afbbe1d5daffce7a8b4cb85ee08f91eb
SYNCOPE-1453,37c6aacd0dbfccdea7e98c95c94aea882b563d1b
SYNCOPE-1453,ac58796c8fc10b484389b63abca1182297768224
SYNCOPE-1453,5c384b068005173dc7e2dd9bfac6de178f3d3a44
SYNCOPE-1452,202337abbaf23aaed17f4f06aff2c618a11117d7
SYNCOPE-1452,9ced3a63bd0c6b60f45b66ffc74bbc0425bfc412
SYNCOPE-1452,226be91d410187474feebddc9be3d696d344d158
SYNCOPE-1448,64ec657ed0eed9efb22aca5e8334e99fb9b64038
SYNCOPE-1448,e51578473a4ae78c9b3d60c8e8d2839ae7aa533c
SYNCOPE-1448,7426f5a7f8ca875b5e6a8a6ff1df2988e8650204
SYNCOPE-1448,50469a15b51b99e6b1e52a05626f96e0b9ce6cdd
SYNCOPE-1450,b723ee53ebeeabd4e510ff7593b87cf167e5aaf9
SYNCOPE-1450,a86ccb3638168408898bc2344c0af8e00f03cdce
SYNCOPE-1450,600af5539a875dd6c39adb7bbfbf73100a7ff945
SYNCOPE-1446,480ea47befd1b651b373658960bd0beee9f6a9d7
SYNCOPE-1446,7992d7391d7015e5678694fc900c69a928d071a5
SYNCOPE-1447,2bae7c4f54afa85ef3c4c151ba1106fc986f26c4
SYNCOPE-1447,83b1df70717b4d8d590b94b739064bb69c002226
SYNCOPE-1439,431c351342e06aaf21a2984488b0259c891ff612
SYNCOPE-1439,950e11d101b690daf30c6927bb793d0b159d01ed
SYNCOPE-1439,8ef9c53ed6412ed6ec97d40637e4154250af1dcd
SYNCOPE-1439,f978c7532e36f6ab3e92e518fbc2514720a0c919
SYNCOPE-1443,4ce9519705ec1654feff660b4992aac9ad6c90d5
SYNCOPE-1443,b233424c23f1fb0efaae2a61329d386f0344e9d8
SYNCOPE-1443,bd76281c0f866abefff434960d55f692e8945277
SYNCOPE-1440,8b348db262d4e77285c88df9fe41a93dfabdeb35
SYNCOPE-1440,d4e8f5928c3f9c5db3d036be163ba21e282a1ed0
SYNCOPE-1440,5bda0278699988b10d44bc3940a8a1803ab3f1f5
SYNCOPE-1432,d00eec5890038e9f766b8e9e03563cb57ff4779e
SYNCOPE-1432,3b333a29ee2036c934d5b5529cde17469bd4a0cc
SYNCOPE-1432,09caa03623acb526af229a5307b79b3a7313d56d
SYNCOPE-1442,141edff18d7bca4ca681bd0c5bb0fd52f79b7f7a
SYNCOPE-1442,a823a7a2a17f4473e9b08580e9779c53eb12023f
SYNCOPE-1442,f3d846c7743af9a97641ca0c9cabf9738f1a80d4
SYNCOPE-1439,1631cabcac0a1e908ace2758ce77317d4a2bd0a8
SYNCOPE-1438,006f553708b6978f499596350a3eeac4ca9de823
SYNCOPE-1438,bb33bd185e5fef973942e3254839f4a83257dfa3
SYNCOPE-1438,441b980ef48c63c3e6a8003bb78d27f736e0aace
SYNCOPE-1437,f3db2f09a6c3814e2b797856f25664a59bfbed34
SYNCOPE-1437,b57e1cee216cf7cadd76841b2c756119c2f79d35
SYNCOPE-1431,58976e0280a4e47584d0f9cb8235676c92851d02
SYNCOPE-1431,9e70f4950d30981a1a85f2c7220a2a9993a3328b
SYNCOPE-1429,9d7449dc40fd17e9870c4a7883afad4a9a189797
SYNCOPE-1429,5e8da4965fc287efa51361a10df67b61a5b32632
SYNCOPE-1429,c7349473e7eca5fbedab9567edef17c48c3ae2cf
SYNCOPE-1430,1b337e8fe7f99ca8b42aa674b4546f9600b107d2
SYNCOPE-1430,ab660e54d8c345a86269caba9241411f05f8774a
SYNCOPE-1430,0e45c389c7c7f5108a62efafe36ded422fc664bd
SYNCOPE-1430,dae2c2a442a928c351bbe25a9bc3b652a706e36c
SYNCOPE-1430,e34ad6bbb4fa2a1f786c5c431369db20d9c6ee4f
SYNCOPE-1430,93524408dc6c3933ef0f1d9508143e9a109dc180
SYNCOPE-1428,9f3b3e39f820d6d1445206e77323b5140d744179
SYNCOPE-1428,cc52bb8086b534facf74e34f31b02a9fb295de54
SYNCOPE-1428,3150b5bd658ac9cec7bccdf2e1338f36e7b3ca45
SYNCOPE-1425,39b760fa11d662951ddbdf78e5d9836e7fe3cfb0
SYNCOPE-1425,ab47743c569d3bdf3c67e37f66a410cb3e7f1b42
SYNCOPE-1425,c8a3b9dee8d2636b65c360c3e74da5398325d352
SYNCOPE-1408,eaf70b1fbec40958ab917da88ff0797bd4abe09f
SYNCOPE-1408,cc1119af3585f1023494f1741a073d1b3bc5ab5b
SYNCOPE-1408,4cd21ad1862cee6190226a60244f2f640888e585
SYNCOPE-1420,db5a0020103cf2aee42e360c59f3ca4b57549d4a
SYNCOPE-1420,79964a9d6bc62c4baced7864db417729a54cd989
SYNCOPE-1420,10f5c397dcc40e98e09ef025fd6a3de92a30f2f4
SYNCOPE-1419,a2d7279bbb9595b35e1a0234ea656f8c471fecc0
SYNCOPE-1419,695664bf8dd651ac9af0a71ea0bf124686b01407
SYNCOPE-1419,4a293350217a4c065781be22d8f8067729ab4df9
SYNCOPE-1419,deb442998b579a3855940b26c16a5aedcdc6ab05
SYNCOPE-1419,f4adfd2fc6e11ac33c556356db4bc066f4895565
SYNCOPE-1419,b8114cf1cfadd6a9730adca4301663b4dd86db19
SYNCOPE-1419,012d351434061a13dff2c697e8f399e2a41d24fc
SYNCOPE-1419,6a8165568da35a39295b521958ce211e2ac2f219
SYNCOPE-1419,ae6a68d17d19c8343371968f894f694388f593f4
SYNCOPE-1417,6583c746d7418b992c0615d57f1228d37fece5ce
SYNCOPE-1417,3e6f71c1e74ebf0fcfa02913b6268fb0539d686c
SYNCOPE-1417,a5f2bcd8509d6afba0a189a29ce8d71e35af123d
SYNCOPE-1411,7aa1cb9d74f79046aff300317417ade569eca44d
SYNCOPE-1411,0377b6b1c39fae4878ed2b77e19d290fe62797da
SYNCOPE-1411,c1879cc2023a32e7d7b60d8389165ea17024b2e2
SYNCOPE-1411,6e80336e27978a6c38a787c4a6ac71ab3ca7b0d1
SYNCOPE-1411,1dabd4bf1dc4e618342a4161da88a8018d390bba
SYNCOPE-1411,6357b8b3d9d8dd26cfdc4509e18b5e988063993f
SYNCOPE-1408,ae0ee6c4694d6810618d4ea67f72dece518ada5c
SYNCOPE-1407,5308afcda55cc0ecf4c41e5cecd92d9e2d6fc2e3
SYNCOPE-1408,27d507f2b5631bebf152aeb9ebbddccf35718904
SYNCOPE-1407,9c9ea751f40166b182ece56a6550da5dc217e9fe
SYNCOPE-1408,80123cc0bb8849c0b1edb7c38079fda22e3056af
SYNCOPE-1407,e9900646034ef273a9d27abf0f69d28614108dbc
SYNCOPE-1407,45b3f960e4df4a1c236daa9ea922ab3a0cb203e3
SYNCOPE-1407,9be8424c9adc72fa40ad6cccbe29925803fe071f
SYNCOPE-1407,e4a6d350373fcde0b0937238badd82c901e0a67a
SYNCOPE-1405,569b1b322f0364bc865902d595846a613f393b7a
SYNCOPE-1406,34de818e2d7b55c3a50150283cbe320df307d526
SYNCOPE-1405,e291d602925959e81cb821916bfa9a29030f515c
SYNCOPE-1405,18561b72f339108bb5b649b0fef0f6b44d48d8aa
SYNCOPE-1406,09e9ec99cd1dba9917927cbd39f8a5f5ded8dbe8
SYNCOPE-1404,cb6ca74b20e7a80a80d033a0c32e4b9bdfb33861
SYNCOPE-1404,d2fa6e8d9dc2d824024b57b381f4bd3d12d82bb5
SYNCOPE-1399,ec294925415c9fc58e81c74551d28176245e76e0
SYNCOPE-1399,85fe179ec541685e28b83cea55cec2b9341a50c3
SYNCOPE-1399,1004d00e5621aa65764aa8f0855c9cee6ac12e73
SYNCOPE-1398,dc2005f1733c9e11ff482325130b97d235ef711a
SYNCOPE-1391,fd45e2338f4dda0d8fbec0f2f33e3c0ce532fc8a
SYNCOPE-1391,65756405fe897eb8c0a35db2e1473bd7fb0cecdf
SYNCOPE-1393,92207203968241d23d5d81fdf43c4923abddbffc
SYNCOPE-1393,9702f2be62c9798b9c1b1211313049e836f81418
SYNCOPE-1393,0636ce4afd7071d767a1e0fd8922d4646ceb2cfd
SYNCOPE-1390,68b3b89234e5d16a63eba71402320da4dae56902
SYNCOPE-1390,2a5ebc988df1d1717835f0195e479736791abf91
SYNCOPE-1390,9d6f89dfe67bf528d161ea3f6ac1c130434004a9
SYNCOPE-1388,9488345f84951b74f4604852391815266c285fbb
SYNCOPE-1388,01e32d2d0ad7a9f171440dcf369da6a8f72a7d4b
SYNCOPE-1388,eae67f83d57b8382c5e6aa10d0ca1838c4018856
SYNCOPE-1389,6d285b20104369f1afcb85f162386b1eae827038
SYNCOPE-1389,e559417870aa7fa1330147b4d238538a4350f30b
SYNCOPE-1389,f6d4d5d00f758ad49eb45771856d59a8cf211c1c
SYNCOPE-1387,5e854e117594da3a1ba78c0af8d53d89a66a9c5a
SYNCOPE-1387,e851b2818d72137f5e049d4b810504f51d6a0d70
SYNCOPE-1387,6bb67afe241f5bfb584db0a2bb14f007997e5427
SYNCOPE-1383,4f797206318fc00f6b0e31f30c98c0da7ea838c0
SYNCOPE-1383,a17460de027086d989efbea25724c6f0b49ddc9f
SYNCOPE-1383,78845fa962ec9497a4c390111c0976c15ea46c11
SYNCOPE-1383,4492950f380214122eb03308c608ac7167f2be78
SYNCOPE-1383,5f55de6b5f2765c204e85ea06bb60a27921b07c2
SYNCOPE-1383,03b0c294a51ca61ed776aba4fae9195e699c302d
SYNCOPE-1383,7de2d08eb3ea65a17d3598ef12ea7c654f9b6f6e
SYNCOPE-1383,31595e4e7a522d9fcf912e73ca89d0123857cd59
SYNCOPE-1383,f092044c44cb8fa99f9e6aef5d429e1a9920afea
SYNCOPE-1380,dd09c8a20bc8c4091b6cf635899c8e7fcd49e9f7
SYNCOPE-1380,2c48533389ee654602effc6deb78ae4587d0c3e1
SYNCOPE-1380,4dd8eff0b229fff32e1ec3bbbbbc5c6069a7bb81
SYNCOPE-1376,1310349e36d04724d2f1c5d1890133ad41424b91
SYNCOPE-1376,887349382d460e1fb3096650e5a56317cdd82c1e
SYNCOPE-1376,2791f74fceabc047f08436723403afe2be1e413a
SYNCOPE-1377,da91868697e61412ef53cdee717bc82b6db405bc
SYNCOPE-1377,54e528b894873708b635e74a9410d1ca00e696b9
SYNCOPE-1377,1b2c2050a0d96bc9d56105c9dd16fb412c2a673d
SYNCOPE-1375,7811bdb2d352ecd4f09b971ea38320814c03d0e8
SYNCOPE-1375,df5fe6c19556c66c32f054cb664f65e2e901d76c
SYNCOPE-1375,f6eda62e25aca51fdee08050e6eb3a11d5f6247f
SYNCOPE-1374,7c94b93a6755f06ece72ac052f156ab7e1d1c46d
SYNCOPE-1374,cabb62b78ca8f96c67d11d72af8021990350e781
SYNCOPE-1374,43e07b3537489a60eba067a7f4deb1fc317c61bd
SYNCOPE-1373,382f3f4b9f00a14f66ca52c7ae73f318b151fe4e
SYNCOPE-1373,8c34ba1b9589b119dc3a045379e004777191a633
SYNCOPE-1373,7ee462a16ec76af288162f8ba7ece4c388b4053e
SYNCOPE-1373,5be7cdbca9f78048857676dfb1b672d7e6ad970f
SYNCOPE-1373,1e9a5387b7080d7f47615fcaac3d3fe8694bc8fc
SYNCOPE-1374,23daf200a657dec48530be35b470a055da253c52
SYNCOPE-1374,50e4b14c316ca416edfa3e26954bc539a966c03b
SYNCOPE-1374,16938c73b373dcb9d803c566349a812f437de8b4
SYNCOPE-1372,3e0c00355bec768d3c798b44111b57dfc709ea16
SYNCOPE-1372,1b9bc4607eb1a49649cdaef09a5ae82b9eecc759
SYNCOPE-1372,c1f858fd8d475b5b8e701e114f93bc2bd2b6db80
SYNCOPE-1371,b8d40101e6b7db1e52c1fe60fae1cca5bfefbbc3
SYNCOPE-1371,0e542bdb2ebf5c6389330486faff2babd5b60be2
SYNCOPE-1370,65cc0891cd052b6b74f25ccc80a2eb734a1b8450
SYNCOPE-1370,a0254d445d9f293bf1a368faa9b975178020161a
SYNCOPE-1370,f9fabbf620872f8ac138cec5c488d04b3072899f
SYNCOPE-1361,12330a37dc7311cbfdc9dac47029ace56947e4f1
SYNCOPE-1361,c06920e2e28ab2985763ee1996e746ece8047ae8
SYNCOPE-1366,99074ba9300e595c7e4893787fe0b735913d7ca7
SYNCOPE-1361,382a5a05e0676191d46fd5b31fca29471e67c017
SYNCOPE-1366,d5ac346976dfbfacb2d0e5aa4d6c604c11e90995
SYNCOPE-1366,4918e957a15cbde6d62b36ab50e5d8315d00ef55
SYNCOPE-1365,272dc9790eb097879266ff938caffecb367e0593
SYNCOPE-1365,1068667e90c41cb75d5a508d43f953294646c1b6
SYNCOPE-1363,63371f7b9fe483dc60c3aaf29c9dde9eb15ecf74
SYNCOPE-1363,212705fd41435bb99f892c2af5f4a8609e27d1f3
SYNCOPE-1362,d5e73caeebdf5c772ebfd5da958b380c1ec6fd5c
SYNCOPE-1362,3a97b618e24173c6cfd4d97341b2d000553f0939
SYNCOPE-1360,b9a5c5d1ebc97d7f78afba8befda3c4c5fbe6f82
SYNCOPE-1360,4fec32be0708252585f4cbfbc9dd25b5670d37ff
SYNCOPE-1360,37539b4dee039af19e60ad5694b57bfcdf56b207
SYNCOPE-1358,ae8fef040c02836b442212bef8f59ecdeed90da5
SYNCOPE-1358,f1c83e5487b1f497025658b88f2f3a11abd84105
SYNCOPE-1358,95123f8e577948cc101d3718532413abff1c22a6
SYNCOPE-1356,4810fb796b7d6e5035005a24e213e1c9cc495693
SYNCOPE-1357,16d290b460fb3e2f7bf4c75309f9d63f39f8cf64
SYNCOPE-1356,842a0fb9d8a1c8f5a1dd4e5259b56dc8af3cf7a3
SYNCOPE-1357,ea6054a89245ebbe6c26e4ffbf2744800166e977
SYNCOPE-1356,b70bbb37e0e0d2e1c9aa3f7162ab3748708b16b0
SYNCOPE-1357,4649a2b6f6dfafac039db690f7d2da94172d408b
SYNCOPE-1354,5155e37c4d6a45bd71c61fd8f7e6209b6665bd01
SYNCOPE-1354,fa27b90c5d180d27fcea60020ca55f729dab2b9e
SYNCOPE-1354,685cef7cf15fd0beb503069dcf87b95c7946cf20
SYNCOPE-1353,271a2e77c4f123582d3623922e09f0abc3b83a34
SYNCOPE-1353,e7854f1c64abf7c3c85389a7c86b29f6f1f089fb
SYNCOPE-1353,02e90b881df17674e2003b646e78dcca1e24eb06
SYNCOPE-1352,e0a6c7de013b4aeabd62ab2df7a82c7c59329e67
SYNCOPE-1352,05f70d9d1f2b95f103b1ad7b89ed18ee20aab911
SYNCOPE-1352,feebe33c57d03f0e6c4dc590c2f68fb1907cdb6c
SYNCOPE-1350,8b8e9336baa5470a457c90e158b8ec9a1402525d
SYNCOPE-1350,99dfafb846f28ff7bc3e86e7cacd70e2aea0600d
SYNCOPE-1350,2569668a69ba8585577b99db4f90e7fe2a322157
SYNCOPE-1350,4ea63a376e01ba629446bea13ff77cfb14409048
SYNCOPE-1350,b56f67a2d6c34d15c926475bb6150f9ad89ccb25
SYNCOPE-1339,0dcef9eb4dd040eddad846d8bc8b9b5d578d20b4
SYNCOPE-1339,0d49824940940faf7cbaaa350ba7d84488ec42cc
SYNCOPE-1339,c819eb5b97406e6bde57ba8b502fdee5568c0e6b
SYNCOPE-1347,7c37f53df1f293670174154815da891b56ea6fe8
SYNCOPE-1347,d2ff6e4a44c660c9c9c91524c91eaad5dfe2d473
SYNCOPE-1347,cd0fdc6dd210c0d4b67543512cad3d90aecbdefe
SYNCOPE-1335,cf95a35fabffebd73adde14a481508e31b7d29a1
SYNCOPE-1335,689b087b1a6c97f0f3f5a0eb8a06e563eec3ff09
SYNCOPE-1346,b0d75aedfb1e1fe5fa42aa3408a269fa4302739e
SYNCOPE-1346,ae058846238567128f1ff4969e5f8709750c35ae
SYNCOPE-1346,110e4bae2831ee1d93891885c84ff5ded74576fc
SYNCOPE-1343,0895017a2447e915eb17c822cad865bab368c2ed
SYNCOPE-1343,cfb7b31daf057fd42967b3be42e11cacad5a6b70
SYNCOPE-1343,0bb9d9d5645d14da525003a88439c55ee32d0860
SYNCOPE-1343,afb53952bf56775d1848e7d090aa9f6d03ca5e84
SYNCOPE-1343,2672157859e319a148971f03fb9cdc72851bef9c
SYNCOPE-1344,65fe5336441000fb608783e6348da0acff52de64
SYNCOPE-1344,27b9d0725b38b317ea369b24d425b77ceff40379
SYNCOPE-1344,44f0d57d1e6e6e12eaf2364b57b6e1a14072ee04
SYNCOPE-1342,ae5a7ff2079610452bc64e7b05519cbfec87839b
SYNCOPE-1342,541117a520fbdf3365f0a693bebec89cefeb542d
SYNCOPE-1340,e6cd20ed36666743b878a87185f87fec79826ff8
SYNCOPE-1340,d8773a4e7cb1b3547c6c8154842f1ab91b9581a6
SYNCOPE-1340,af9b93169062d5beb3c43ea744976b862bc5dfeb
SYNCOPE-1338,6fc42652b2bd0844e9fbd4410143c746c6c038b1
SYNCOPE-1338,cd6a56bb5eb45d7e058c37fe7c64a43182710090
SYNCOPE-1338,7018907aec54b918b1c04140ddcb6240e2f8539f
SYNCOPE-1337,d6d8da66b3a604ecd518c986c580c56a0273ab1e
SYNCOPE-1337,21c92719cb100bc97a601691d338ab1ca188fc73
SYNCOPE-1337,a4710ca6f8ccc176539445491ef35de4c698f303
SYNCOPE-1335,e03d47ef56fbbaf2ff1e2f95b24a877ed040d52a
SYNCOPE-1335,ff93866846b8eddb51206b59be01c9a1a2d96d04
SYNCOPE-1334,75c84ce15e480b1874925d6d9a90cb8668454cbf
SYNCOPE-1334,007976ee56f5411b223d92f373fabffdb906a7af
SYNCOPE-1333,2c3754b2c195e414dd1c6c28604a6a94b635fed2
SYNCOPE-1333,7c6ab5e9b780699d50dde340611d790443426e9f
SYNCOPE-1333,42592f0792f0e1bf8a1296ac54d69492bb500305
SYNCOPE-1333,2d233d197ce9e5bac10b2c0f422221c6c36ed343
SYNCOPE-1333,2a6138672a9285b22a231b8bb5166b321e4e81dd
SYNCOPE-1333,3a0afb47b4ef81fae1f8e208e720cc5880b9063e
SYNCOPE-1333,450f7c6878f48b87077d29868c869b72cf9bb308
SYNCOPE-1333,5415d20197b4d85995bdbb0d4891dd0c2d387534
SYNCOPE-1331,241fee756f19a0a02bb331b0755764e3af692b56
SYNCOPE-1024,027b6bdfed8666f0d1a1225d3e27a3047e93acf2
SYNCOPE-1330,c09def901e2eef9dfe6cd598c3c561c839814f42
SYNCOPE-1330,04971109b62cf47a115b100bc3805f10e932b65e
SYNCOPE-1303,909af68081e1efdfc04fd19e1a298cb621477e08
SYNCOPE-1303,270a327d4322766ad115cc94c1ccda458354024e
SYNCOPE-1326,6a9d557545eb9e35910af4cc32668f649b61cdbe
SYNCOPE-1326,129006d850c938faf08118fcf6e34ed81875218c
SYNCOPE-1321,30ca135617f6d4e25eee141fb01a51b2258020f8
SYNCOPE-1321,f888913d14f8c1dd82d2ef553a07015c77a14770
SYNCOPE-1318,26e2b9dd3c7f01eb0572883ae0877d29fbdf53fa
SYNCOPE-1318,df5c7fe4df54e40b33ab252370d578d9b99dfcb5
SYNCOPE-1297,d5cfe764bf8853c4f87d74e7b5772da4f9083338
SYNCOPE-1297,7e1bd363ae7322c3574fe9e0bf70fec3e326bc73
SYNCOPE-1320,17830e5aa09660be4949589d2c196670a4d57ff7
SYNCOPE-1320,05291b3a8c9d8c3e3bff097f157855ee3e771e36
SYNCOPE-1319,37bea639c8ee45716734c6cd8116df4cd5afb590
SYNCOPE-1319,2fa40d2529eb37f2e80b0317dd960fd48a9da862
SYNCOPE-1318,3ee0535c5208b9268cf4fffbb4700fcb49a5ddd0
SYNCOPE-1318,dfd1ec8a3190b614b840ad29b3611cbb18a2b44f
SYNCOPE-1318,b526c1e1511b1676776a27fbbafb133f507598bc
SYNCOPE-1318,65d63c3b4a467b11e9a4acddb3d9d45ae020b6fb
SYNCOPE-1318,d9c58a831337be619ebdf2bfd88b5f84fd884519
SYNCOPE-1318,18407d37a087dad6ad1befbf5823d94c00b69931
SYNCOPE-1309,9d30f234929484fc6fb9be976c9c8026e5556cf4
SYNCOPE-1309,057d13fb694c3e2178f2d960e9f33d3eb4ef2196
SYNCOPE-1315,6d38f3c50119f2fb7c2da6a7717e38250e5dd178
SYNCOPE-1315,e1515673509aac06d818e025ff05b821ab0d7798
SYNCOPE-1315,c090fe4407846b6c67322046a43a14e14d1cdffd
SYNCOPE-1312,21bb4dc3cac6365d2823a8b7fab0aea11103ea03
SYNCOPE-1312,fd3975f20afbb864c2c497705173070ea0711ce0
SYNCOPE-1314,ba2f7fbdcf64cd826dfbc28b91b3282d7c83dc69
SYNCOPE-1314,98bd18dea701de3f5a1f84c1b0b92cec10bceb80
SYNCOPE-1308,7cdeb5fa8aaae5e39e2453e7bd9fe057afc886b4
SYNCOPE-1308,70aa8425b0d48e08f271b380b9e40a17043640d9
SYNCOPE-1307,761399c46b69b5e27e5ff0e47a7ed5ddb6489f3b
SYNCOPE-1307,4e523636ce30a2f4fd622badbda1ead1b220a269
SYNCOPE-1306,c0e2aedef5360101a78fb0932c7ea16fc2ae3c8b
SYNCOPE-1306,4aba9a7ca0ce423885e3fe6f9c30cd6e6c13b891
SYNCOPE-1304,9e9002f4b2ae437b4c10f32d3dab513f2e3d9bb5
SYNCOPE-1304,1c896271996a9626ce1e451dfd9b13a3272e95da
SYNCOPE-1303,da7fe0dc714d6f9a5ada0a45ce0b918de40293c4
SYNCOPE-1303,a2dfa8f01ec6de9a2e81d9ccf0b47a3dd7162b5e
SYNCOPE-1301,24f789932141ee05fa12d81eca9d43178953f508
SYNCOPE-1301,6fd572119b1a91029962a7b36ca7f372ad2204a5
SYNCOPE-1298,e8e189aaf32fd8526469d3528c6c38efe38d372f
SYNCOPE-1298,86aaa5155167620dd4959c2e128fe3c7cd097f3a
SYNCOPE-1296,2dbd5993a0678da0b606dea4099bd493006d6cf3
SYNCOPE-1288,51c60a7a134f7680b7f604f34b1a9c4acc5ddab6
SYNCOPE-1288,bb508d9faf3ba5ea85fc5a377e517dcd8b9476c6
SYNCOPE-1293,80d7e53cc9905765fe641a92bb4e8d83cd852c68
SYNCOPE-1293,a8ae113d902e33ba27e03dd5d250187868f45c41
SYNCOPE-1293,79354db353792907c175dffe94205b17569313cc
SYNCOPE-1294,95ee2ffe810336f3bf785e2d231fa15e71630919
SYNCOPE-1294,38327a0a23ab3b9869bf65cbcdbc230aa0a0c00c
SYNCOPE-1254,8ef021e23f67027dda842559029fd65788beb865
SYNCOPE-1291,a8eff1cc21d4dd6768472dde169836793080f7a1
SYNCOPE-1291,82ffa80d4b80a1ed2e591017ace2919d91d84249
SYNCOPE-1285,2dfefb487d3e4b2fd59595a4e696b1dbcf78e318
SYNCOPE-1285,47657b51d2e3f28cb130628082bb0d1664e7111d
SYNCOPE-1282,f8fbf2b4086c1a2ae8adf3a7b36537065157f415
SYNCOPE-1282,d52636ba8e64426a32e23a88d2072c29e4ec1307
SYNCOPE-1269,ccca7072caaa538c28818195e6d744fc61ac1a6e
SYNCOPE-1269,48bb5bfa093afb2b7824e12286928f48721f901a
SYNCOPE-1275,0ee44d88c519da839d0310bc6c1d74d9376054fc
SYNCOPE-1275,eb2655ce47abe8cae42a2b848fd75a8d1ef0c804
SYNCOPE-1276,9574ada8c2893ebe4ffd87e9e4832df1cd534f05
SYNCOPE-1235,9574ada8c2893ebe4ffd87e9e4832df1cd534f05
SYNCOPE-1276,6650cbfab161a072a0c7ad9d2f7ba9eaff221c9c
SYNCOPE-1235,6650cbfab161a072a0c7ad9d2f7ba9eaff221c9c
SYNCOPE-1272,be4f145f917117f9d69e084433d90ca56691d870
SYNCOPE-1272,e3760ec0076139e307a1a21adced73a66e088171
SYNCOPE-1266,8681aa76ed000be4fcdb85a843acb511c2f4de35
SYNCOPE-1266,f278a97a2935bcc982881483aa3cba005d94de88
SYNCOPE-1266,847167650d22669f0e254752c4fecf3525512631
SYNCOPE-1266,f3388a03d62747b844570c2ed7adb4aca53d5dbe
SYNCOPE-1265,78af1481312217b78cb41bd1dc292c6e25324c23
SYNCOPE-1265,71b39dd4b3cb552e8f5f0d8fc5eaf979252868af
SYNCOPE-1263,520cdca7cd744dc6919c8d28acabe58fc5b19491
SYNCOPE-1263,227f085161f3027d1ab200a07d8460f3a644b75f
SYNCOPE-1263,79b66960301b4b238037c00c570f46b88fb9c2aa
SYNCOPE-1261,e153982e45918bfb3454c193c87d1a784ee415cb
SYNCOPE-1261,7e3e25ab0d87551a7f26261baa244a38048a5119
SYNCOPE-1257,92f4d703850002f9ead3c91d0f05dbf2f889c865
SYNCOPE-1257,5e6e89b2005c7d9d0de136c0a9e9031f3e60fa90
SYNCOPE-1252,9c381eb19761b7f768c1c7c06f529794c15e72ec
SYNCOPE-1252,17fd3a998c3da838af7b358536fcc35b7082143a
SYNCOPE-1253,d783a23de5f2d4f13f9922d11518c9e31f520f1c
SYNCOPE-1253,3a52a0f93647a24aee6643b71ecf69ad91930433
SYNCOPE-1247,814fe4ae659b7c30137d87c83ac5cc2a50fae8fb
SYNCOPE-1247,3c41b5ed31367912473f71666b78a61c18352057
SYNCOPE-1246,76c1140167e59386ad2854ffc7f5ba00fc21e503
SYNCOPE-1246,96a7848485c6f7c685266a301cc479ca2fb3a9d4
SYNCOPE-1251,265b2a7d7b72634716c58be8d9890a0244888367
SYNCOPE-1251,afc353944f13d2d124b89ee317b1f50df6667d90
SYNCOPE-1250,3df09968936118ce9a36ac438a8d0a6bf498990b
SYNCOPE-1250,a69afb927da75431d4963fbf62ee124da4f0aa3f
SYNCOPE-1250,1c6aae6f572927d48b432b89014c810c37d55f03
SYNCOPE-1248,87041307148d79b78a81ba0819f16bdc8a2401de
SYNCOPE-1248,227642a632a4f1c75d1bb88d18a22d025c094694
SYNCOPE-1244,068e696967fdfb81ba1c025dd5fd8b2a01835960
SYNCOPE-1244,add4f7d511c7b9ddd362d31d0c37132d5a9f8381
SYNCOPE-1244,597a57f1ae4e36f93ed2fd9258d901a171f4f81a
SYNCOPE-1244,8c6e6059260827836235459c4644696b28acbf0c
SYNCOPE-1190,228e10e28da14362733e9ad3901756526d0e5e5d
SYNCOPE-1190,84a928b58404843d24d4e092c18313befbc65da8
SYNCOPE-1241,f0018fe490d54397643edaa52a8d524472fca344
SYNCOPE-1241,f7dcee1a7672e9a6ce1cbd5af24dcd3a92e5eed6
SYNCOPE-1226,c6847708ca13e94c5b0b9f9d974c380fc2cd7e90
SYNCOPE-1226,0e11d0b6c3e20b11775537b0047353eca3e8aac2
SYNCOPE-1239,6b0423630a9bec2f7c393a4a196a063bfd07aeb2
SYNCOPE-1239,e7daf95ac97aa65af85fa74af6c651d341fea44c
SYNCOPE-1236,30d90566dfe89adbeae9266ad0368b643a806087
SYNCOPE-1236,ff7e5af0f52919cb20933ae9229baf7575b3cd03
SYNCOPE-1236,a6cf810946f8f6073bf072af15673c24db6bca9d
SYNCOPE-1236,31a7d92c8b4d8001151e09d229eea4bc601c3887
SYNCOPE-1231,33daf27daa55a3dac382f811f916b4d9e5679b65
SYNCOPE-1231,bf3c034c2eca11ed273428c47d09b118244dcdc8
SYNCOPE-1230,5e83b3787c374893ccbe5ab8dab30b450d2a2a42
SYNCOPE-1230,7a437c0f628820c62be6b65fa4f334ab25b97cb0
SYNCOPE-1235,37c709727e8f4833e38580404c0145d1472b91ef
SYNCOPE-1235,23acffb41caee0440f36f5038d8149c54749c86b
SYNCOPE-1235,16f955516f3320ab96771952210b84e7f059586b
SYNCOPE-1235,9a4a1323f6f378b2e53b8657524568ce7c5709cc
SYNCOPE-1229,4434d414511f9b730616dca0384d71321df971f5
SYNCOPE-1229,3a4535d9b1a85157333c028e52316287f77d3932
SYNCOPE-1227,e7f03f43dbe72d036a6df1da56dc0db26045dcae
SYNCOPE-1227,1965e5b100cefed0ca853c8b0fcf7698cf15190a
SYNCOPE-1233,3e7fe07fa39e497353d030debe6eb5a7fe1dee11
SYNCOPE-1233,8ddd68b53b73e1d1248318f6f504d03987909769
SYNCOPE-1232,cd731aa1b81664539bc7f818d6e111ad4e697d1a
SYNCOPE-1232,c3acdc3e57699af236c915bd2c8fb05bca7bcd92
SYNCOPE-1224,fdc991aa67cb9d3093948d7bb87f6b70317aa825
SYNCOPE-1224,c9354a5172586b3aebade0d365437c8fd74457de
SYNCOPE-1224,a799dbc0bbcce4635ab41cd8e6867431aa434702
SYNCOPE-1224,e3a20935270457f85da4822e7b02eb837e25a8be
SYNCOPE-1223,761d1045e5d0ce147271f1780b15d635117e056a
SYNCOPE-1223,a1e9c04fa1edd4812876fb8c943b0c2e37c3d80b
SYNCOPE-1222,5cfe9666bececd4b83787c86cbe5cb0ee963a39c
SYNCOPE-1222,df35f9ca9009a3a51f43d9d8643c73b80162cfde
SYNCOPE-1222,5ed622cdc04803bf1b3254efbea5debaa465604c
SYNCOPE-1217,436153b3a0c3d4421b33288263c09521e51eee71
SYNCOPE-1217,36f1edef9f6abb3363763eac148e0dde581009b3
SYNCOPE-1213,a23abdf3eae907839a64ce7f9f82d6296626f38a
SYNCOPE-1213,271451d51a091031bf76cfc6710a6f271f582aa9
SYNCOPE-1213,cf9a1881eac25e0e24c516faed1ce3df66d73596
SYNCOPE-1213,0155bba1c01f51cd0db1e937d6e7803383303442
SYNCOPE-1216,17a8eb5d99a84608a64927b00e7d9352d640517e
SYNCOPE-1205,252285a8c9a0abef28338db22208d0ef79739d77
SYNCOPE-1205,2dbd7a29abfda2aaee41c9cc357454329f27d24a
SYNCOPE-1213,79d51b332855de2d07bbfc2afb639d74bd1cb27e
SYNCOPE-1213,0a0b41064319aaa54f800a1b8f63f0c1d24ca0a0
SYNCOPE-1215,e7656e11b4125f33d7fb9cde0db31288b653582f
SYNCOPE-1215,2c0fc64a22f0c82c4c8ce5151be5555ae3d22fc3
SYNCOPE-1214,4fe8d084a6aa51fbf7fbfbf025b100df162bd27a
SYNCOPE-1214,af71cbbe63a7659d2266831bc5be32bcb53659d7
SYNCOPE-1211,d4e098a2916d37824174b026ee7ae9f3004ba833
SYNCOPE-1211,e0727125cd48eb27a84b32bc25be96b690c5ed0b
SYNCOPE-1210,f292d86ab845a7d0a50327a4eaf1179352ce2f95
SYNCOPE-1210,a6a00da11fb69fd7bfa00f4416c7a095844bf8c8
SYNCOPE-1210,59a9d66b90874c64c19fefd2c1cb51c24bb7ec18
SYNCOPE-1207,98e710cb108b51f75fea6b950531f520928ccbb6
SYNCOPE-1207,220a9464233cd9872ba6763fdf6f4fdf867d2581
SYNCOPE-1207,6da490da5887d1d82404915a48fe617574d5bad8
SYNCOPE-1207,e06b0f251f27463588724ac3036ab99554689629
SYNCOPE-1207,928b90c934a11329e741306b50e83520290b9c80
SYNCOPE-1207,c3b2f02a371aba0cae100d548751cf4e2419f00e
SYNCOPE-1206,5295039bb5443114822d288635589f8b24b43609
SYNCOPE-1206,34a3456e866eee91cf898f2fef5885332509ee84
SYNCOPE-1203,faba42e2ff3fb725bd05205e5c8b22930e8af7a1
SYNCOPE-1203,047c510c46751752b8813531e61efa311be01494
SYNCOPE-1199,838edcc2b3b76666abc7903891e38f2524933fa2
SYNCOPE-1199,df4bd83c9d4c8374991a57e33a496e93aeaa0f12
SYNCOPE-1190,223f14397a2a8e5b5689bde706020d5d641b3f9c
SYNCOPE-1190,4f7cb969c55acf9b154923490279701984e17459
SYNCOPE-1193,81515d7e243e8116409e2be2cb6bf036a305f988
SYNCOPE-1193,c306a3bf9bbdb47712f5db7ec318b7aa6f4a7c4f
SYNCOPE-1190,d91e41e12e5fcb0fef9c10649fc09c568e944e74
SYNCOPE-1190,3ab10dd447b5c110e96ffdc34e8e37cf0629df91
SYNCOPE-1190,97744afe7fe103101ceca95294af51ed48333be3
SYNCOPE-1190,84a7b68e4f8a2ea9e3fd99f5b01266b16d99a3fd
SYNCOPE-1189,b7458d070f88a18ea098dc0196177a502f0623ac
SYNCOPE-1188,0d93a3a5bba32a9a544eaea12df72b2d165c51f8
SYNCOPE-1189,4af3c2175e874d9abbc41f2323ad9e945b956ead
SYNCOPE-1188,c6ffe56b201687df6af77e98f07bc8326ca500b1
SYNCOPE-1178,89fe8311579a2079c33a17cadbdb9be8e172972f
SYNCOPE-1178,7ced59639e09e0343d410b8b28894fb8e4480c2d
SYNCOPE-1180,13c046a29287b814c68b6620963bc850c9ce6f6c
SYNCOPE-1180,12d468e45acc511588a9b67d7cb844c70ec773ba
SYNCOPE-1170,b88a7565f964d476f4626efc722b49d551c2eaaf
SYNCOPE-1170,f350ccc16c21175c19d9359496fb6a1b52a32b85
SYNCOPE-1180,7ad5d19b91e01544f076b980c1b26deae0184a79
SYNCOPE-1180,e95f373cd5ba24f3cc0fcef33f920b44ca598dc2
SYNCOPE-1166,aa85d990087bc16c3496f273629fb187a488bcfe
SYNCOPE-1166,4d7dab2f742d8f115e6213435199001006a885b3
SYNCOPE-1179,c522ac05821dd23e3326c01525ebdd233ad66dd2
SYNCOPE-1179,2b4053df14d74e47c55ced76b713fc1baba0abda
SYNCOPE-1175,98ab61e060a4045720b6d09e1392404ac461b7df
SYNCOPE-1174,0c9f9585ba7a0c0c17eef4be511e8c372f808757
SYNCOPE-1174,b41675a335a7d6b4d297f0cd332738c21a6c29ba
SYNCOPE-1175,0e4eed03e565107d7aa2801bc892aa099926fd82
SYNCOPE-1174,6634daaeebbe95fea9e1c104bc64d7b2e0d45e4b
SYNCOPE-1174,64ef5bf1800f699168f59fbd27be113c76cd0baa
SYNCOPE-1168,d4edbaa814bd50e0a7c8373c8624eb5e4b02763c
SYNCOPE-1168,852dec6946813ac4756b8868988e145316bd6f94
SYNCOPE-1168,4214a38925ea07d6ab2a9d8bbf32fcd3fe0841d0
SYNCOPE-1151,8d2d9edc5af8b1017731c1c711f9e3b934f2896f
SYNCOPE-1151,5b852628ad56b20e844ee3aa7e93960b832b9fb7
SYNCOPE-1163,020a35c64aecb0afcda336bae815c4d3605aed22
SYNCOPE-1163,8f9c388aaef319c34c181d7676f9fde0d940b65e
SYNCOPE-1162,715745275b0c8993f48d206231aaf0935f94d17b
SYNCOPE-1162,22fdeda515d2e01877fd0048aa4a3e235da5d131
SYNCOPE-1151,d7fbfe4862851bc5d7833dbb293c6b3f4b5185d5
SYNCOPE-1151,38ff9d11fd65181030284a00e585f32b95294507
SYNCOPE-1158,3e90e38fd6519ac3b94a6ca3c4db9eab9434f1bd
SYNCOPE-1158,f191fd00284c345cae1002c5989d780c3d6daa5f
SYNCOPE-1140,a7b54fa78606005a469f98758199f82212bb41bc
SYNCOPE-1140,14f25859a8591360cb569733a85194985af93794
SYNCOPE-1150,bd5c1af88ab99432577cfa826b2a3ea6dc655418
SYNCOPE-1150,fead89205f457f1fbd7c594fffc605dab3f07315
SYNCOPE-1149,d4cd448427ea2a147296159fd70712ead0a42a69
SYNCOPE-1149,22acb57e1543eb86c998f3b39e3209042922f390
SYNCOPE-1149,ffb78c0871ca6b99b39d67c6998438b3e9f832fb
SYNCOPE-1149,48d9179332f8c2d0c699661fc00b7ff83ea857cf
SYNCOPE-1149,647d03ad14a7278d70e0da836f730235a7402613
SYNCOPE-1149,0f5116c2fc4fa175ed0b7062dad000fa8c9f46d6
SYNCOPE-1139,c86fb4e637120f7c3b71d9f70d29935eb55807e8
SYNCOPE-1139,f3f7b4897639491cb15eccf5fc290b3e01014254
SYNCOPE-1141,bbcfc41e012796023b4920151529abffaa942812
SYNCOPE-1141,b0e30881f389c39ada6dbaadc1a502bf2d9dc7ca
SYNCOPE-1141,631740d6f18037c3d2438f938bcff9000d089e95
SYNCOPE-1141,09b1e9ace1e6d74b7409127f0a70e09e52d761f8
SYNCOPE-1111,3ff021421d2d4a24d39cafc3f227063e941ac1a2
SYNCOPE-1111,7bab6d054eafab33af08a0cc9f2c76f36fa59b1f
SYNCOPE-1135,fedae9c765091c278026e84fa998c029578ab674
SYNCOPE-1135,a25b7c6fb40d1444f50feb3bebad33d0d6f7c966
SYNCOPE-1134,4e8680b3f11064035d7a2038e7d50d085145c78b
SYNCOPE-1134,132d4156da4d11b33566d5092c05e4ba547cb176
SYNCOPE-1110,c50ee317670571c7e56e1066536ba99313327166
SYNCOPE-1123,c50ee317670571c7e56e1066536ba99313327166
SYNCOPE-1110,4ba5e3bf93e47be33f58906d7803ac449e33fd85
SYNCOPE-1123,4ba5e3bf93e47be33f58906d7803ac449e33fd85
SYNCOPE-1125,b4713c15f9ea28bb108ee2e82d986a8011586c43
SYNCOPE-1125,194385d3c0fc054c0a090f6afc9b66ac3540609e
SYNCOPE-1133,653afac686cc10a13bdd191b807b8f90e0b84e25
SYNCOPE-1133,f6e9fa3a59c1d0e1763bc297b312d519bf41c1b4
SYNCOPE-1125,26fb9bdae50088dc69338b300d045212fe1d7d98
SYNCOPE-1125,1c8432794750401ed245cd2461e9e21dfc5705ad
SYNCOPE-1130,53c54d7f13f2a60a5f44519bcc251bad097b0c28
SYNCOPE-1130,32c50bd44f65d7fd51e3fa8ef8011272c7f685d3
SYNCOPE-1131,cfb6c638d570536233743cca16a5498dcceea6ce
SYNCOPE-1131,16cf99b5354efdc36a7f519a66fc12005dd8b892
SYNCOPE-1128,9805be634ee307c343073a09860e3c931359fd35
SYNCOPE-1128,c12106de4480d03c9b331ef72f5fa4a0bb65c246
SYNCOPE-1128,a6147996d2d14f1ce8f1b3f98e4e57788e464d90
SYNCOPE-1110,f29a44d18d0cffbf1f81f6a4980cc8965f3c56a0
SYNCOPE-1123,f29a44d18d0cffbf1f81f6a4980cc8965f3c56a0
SYNCOPE-1110,11ab8cb9a824efa48d5c98613b174ec2633dfa29
SYNCOPE-1123,11ab8cb9a824efa48d5c98613b174ec2633dfa29
SYNCOPE-1121,00617f7b9ad3ed540c8a1d4e22ab84b63f4a1158
SYNCOPE-1121,80f8289defa1a226d140cb95a38a425d98fffa82
SYNCOPE-1114,16096f6d8a84aa55e49f76d91c6e453f84d28fb8
SYNCOPE-1114,168ab95e98942534ed2922e762c68975d6b5ee5e
SYNCOPE-1112,71e676b3869f646805c8595ec00c96ebb59f16b6
SYNCOPE-1112,b1aa1cb996d0aad6a0596b11cd65a462c7146505
SYNCOPE-1112,7dcdb19b9ed55dc05dc519b5e38ba0a74d04ca38
SYNCOPE-1112,d4ecdf6bd7ee5a718b148c2b510bbf319b3b04a3
SYNCOPE-1108,9f979f6aa9f98b7fb79fd4bbf300f55aff661ff3
SYNCOPE-1108,35019bc576c9ed826bffb304021e014ed9de7519
SYNCOPE-1109,06f3fdd73e6b08f400d6551b4607d9527b70ef0d
SYNCOPE-1109,e5a8f1f920000d29de289b291d60bcecbfbff48d
SYNCOPE-1104,4f6c1dac9579ff8d697b609742821c310849ba85
SYNCOPE-1104,b6ae826a694406509c76a5cd27465bc596eab2b0
SYNCOPE-1107,8f0d63d929910fbbd0c222969e02bc345484c8ee
SYNCOPE-1107,fc8a30b8573573b108208e459d92a45797fdf3c3
SYNCOPE-1102,53dfa40883653a4bc621f5586a98c23efe9ea761
SYNCOPE-1102,be7c689a5947df4db09faf2cd5f3097514356eb1
SYNCOPE-1101,2748d00bb3150b4fffdd0a85e081b7d39e3b1978
SYNCOPE-1101,aee4ef6cbc46474cacaa176017b8a55ed0e1a20f
SYNCOPE-1081,7e0d6775047d2bf66fa9978f4a5385ab3f5b45fb
SYNCOPE-1081,b5daa7cd65008beb0d2a42f2cb461cf1c065b3b4
SYNCOPE-1099,ca0fcf1b728c9c6937b55fd0a8bead1d91d3edb4
SYNCOPE-1099,94b9622129e3d6c53b35d54b41d0457e249da2b6
SYNCOPE-1082,36b786c041523de3779c7bb64fad1679e7c8db7e
SYNCOPE-1082,e64d791047683a80522ed4bb58136b25bf09e4c5
SYNCOPE-1098,be35817fe645f4142c2d80be0ee55e36c156324f
SYNCOPE-1098,f5f489e2b6fa5b7443a6a1e78c96553be7603819
SYNCOPE-1094,5b2ce7178634958a889ae27eb2cef371c1f14d5d
SYNCOPE-1094,7c5daa5f23a3766b8d0b2d148afd55a874f97cad
SYNCOPE-1091,73c7704002f96a8732a34e664049d24e704e88b7
SYNCOPE-1091,7bd67e91821db525204ebe8b9e4b3948e91dd044
SYNCOPE-1090,87ac9bccbb9fab9003f36c1301ac72fade05ab16
SYNCOPE-1090,8d6dc235c38841d38b3075163b1d1ca46c8817b1
SYNCOPE-1081,67568240f72b2bbadf151818f7aa20de24266d80
SYNCOPE-1081,04f25536045877df65ed9ec35fc6203817cd4b5a
SYNCOPE-1089,5d1a0f00edc651d4a37e80ddd9a1bc1b24736e50
SYNCOPE-1089,894d2269553d5d937551e81da1b0d61ccce6895d
SYNCOPE-1085,0171cbc096fe474723ff4f70f4136a63f4e3377b
SYNCOPE-1085,2f7da4a202a4ab7ec453312b4b0ff3ffd8cf368a
SYNCOPE-1082,9fc62b668a300567cb3e3d6c468187226e387663
SYNCOPE-1082,f77f4f7f4fb2dd1d4cfc175389684c68c66fce14
SYNCOPE-1081,66f665191a0ee64f1fe87693d66bb23a23e6184d
SYNCOPE-1081,841f3e63e0fd59527f90e77245551b225ef7f38e
SYNCOPE-1079,c1cd3fe9ad12227d58de5adac666d569c9c29876
SYNCOPE-1079,84822259af4156da5a57e70d0b5ab5abb3b652df
SYNCOPE-1078,b34ff3f7e52567eb5a8506e500ed38e8bd1592cb
SYNCOPE-1078,89a600a6187b20d87b8ded2c48b24c101bfc6325
SYNCOPE-1076,2f65c14fcd681d1e2e798e4563c6eaa07b5def9f
SYNCOPE-1076,e0e7a0a360b77b0a7c46dcad58ac96257a3bfbb3
SYNCOPE-1075,018fa9771adee2788be0ba3357c31cdc5da17cba
SYNCOPE-1075,b09ce769af3ae2f8c07cf8de9777ff32538ef05d
SYNCOPE-1071,cad371cec6676b68cc82bc0aa5c44e5bbeb8aeab
SYNCOPE-1071,0cae76119252a79aab32cda4d6bf2fa6ca51fff1
SYNCOPE-1070,16029366613c0534ea77828bec02c7cd607fb223
SYNCOPE-1070,2381d0a358515befac417c50dd18bac20173d538
SYNCOPE-1070,8d309e2a639a7d29ced1404727bc328ba83491a2
SYNCOPE-1069,51ae1d5ef0e1055f9789cc36bd85bbf28cd6413f
SYNCOPE-1069,bbbd0295d80a9de3331d03c750111d8d6dccc45c
SYNCOPE-1069,dd034efbed63740853de1335a12a17de73547ea9
SYNCOPE-1069,3c873ebd8b28f697bc9c2a535f81f82d8ff6bf75
SYNCOPE-1066,aa36e2ab5f5e9a14cca5f851588de01c190ce2ff
SYNCOPE-1066,3da6a0455d99e8c97e184072f54362d6801297fc
SYNCOPE-1060,be1eb72ba507ea0f74c983ec52cce558fb669627
SYNCOPE-1060,fad07ef43d271a302f1b3fb5c99ee6dc68cfdbff
SYNCOPE-1060,dbf07add3dbca0b3a99993e9153bfbfa72b417ea
SYNCOPE-1060,23fdc9140e8ae69f4c15f6448fe51af43cd5df8c
SYNCOPE-1062,f0e0199fc70774bcab8e2bfb0304cf0a05d15728
SYNCOPE-1062,a2cbdac3a2bf625fe79134cfcc0a5417261d62fa
SYNCOPE-1057,c8cef3d92dda92a3c8f81e1740928789d1641d89
SYNCOPE-1057,911009b9eee1a53bb917f53e8faab58b26131b54
SYNCOPE-1057,4a82fb302b08e05360adc30e56780f180e97f8cd
SYNCOPE-1057,c712af10a373744151297750b88ceba6d70b9478
SYNCOPE-1052,e985d3248a6476b522b200bc9381a5629beff3df
SYNCOPE-1052,4ba66c335f5ab7bc7f51ea2ef1568ad03b299eda
SYNCOPE-1051,b980a496e59371b19903bf5d9a0bacec874c10b4
SYNCOPE-1051,6691628820980a021737572d53efa0de5bb1603c
SYNCOPE-1051,5e79f86b5fa6ad6c155a0e234a7b6808ce69b3cf
SYNCOPE-1051,24bd3db06c2533be8f199457d58a4399c21a0bf4
SYNCOPE-1049,2a7358f452a3a8d65353a4d04bf445caabf39a73
SYNCOPE-1049,4b914ce55068435388a90a0fd5386eb2b3d80f9f
SYNCOPE-1048,747b3aef04ca90f0e194e63c708a81db713fbec9
SYNCOPE-1048,9fe5a756115a1caafee3261d914c6b3d4788503c
SYNCOPE-1008,24a71aa96c452c60f64fb58efc76b5ba171cfec9
SYNCOPE-1008,55b8e181d6963e1841e56fa10ab4f57767b23c51
SYNCOPE-1046,af37b2ba93809d61fd0b65ef6f106c4e5f281ecf
SYNCOPE-1043,d5f925f48b431cbd36ed32dc119501361b8b7c94
SYNCOPE-1046,b799c03657675123566c75a5b0e92ab344b32a1b
SYNCOPE-1043,53514f3c41d9a1f2a2b36dafdf5acda8f3bfdf9f
SYNCOPE-1045,750c789aa2e79559ce0f5f875082473c11be8153
SYNCOPE-1045,a9aae187d273707dd37e5053f0bf8a8df6dcb9b1
SYNCOPE-1044,a0ffad75eeb166590f05f2d80d043c56b620023c
SYNCOPE-1044,032d70e5d76718979f6f0cf962e3e80b2534345d
SYNCOPE-1043,aa8e9f1e6e3797d40665855ee7cf13ab64c11e2c
SYNCOPE-1043,98e27bfe1e46643d58fe649aab52d3597d914267
SYNCOPE-1043,4d25893acfe4bf8a958dada24f589195bbec6644
SYNCOPE-1043,3ce8d1bde31aded225a05153ca793dfb14dae9df
SYNCOPE-1038,e3ad9a3f7f5c4c4f81e1cc4f96ee5c654f093642
SYNCOPE-1038,72f1b3e1a0a239c042548a2da7c7fac142dab55d
SYNCOPE-1042,d268c1ec5c281d105e2d257e60d0677362733e0b
SYNCOPE-1042,931405bee0febf1322d61cd39405b35ac7d1790d
SYNCOPE-1022,d7c848cee63695dbf0f63dee6dcc53f52e838b11
SYNCOPE-1022,a1acfbad3e9f2cc6912fd3118c7b82149b832df4
SYNCOPE-1034,611b73b5489f24721927a19e2116c20311c6d0e9
SYNCOPE-1034,c6e10f92ffb37391c6509725838e8d61aaac7fab
SYNCOPE-1039,bfcac4bbd4a8007ee2df3bf4c61e667c2d1215b2
SYNCOPE-1039,036243b4637e9eca904446acdc669a96f9282723
SYNCOPE-1036,b2b8ee1998cb60d5fc31e2c11283fdbfaeb7cc73
SYNCOPE-1037,16020a557ad314d9034712f4bed8d13b90921166
SYNCOPE-1036,247868da3f1eff22d65689449096118cc31558e6
SYNCOPE-1037,68539753d7e4d9eec16b6f659f3fc298d99ba6ff
SYNCOPE-1040,58fa8e7bf50eab0c156b5a3cbda3a0a93c2e9d7d
SYNCOPE-1040,053f0815a6d02cdb3736b8fe1db6b1835c8c2c5c
SYNCOPE-1024,b08bc1c4a2ea9a552810f899ab4c25d0ddb5901c
SYNCOPE-1024,b2662498125094997409f3e37cbe7d9561e97dab
SYNCOPE-1027,f46891466bc516551b62e284108af357012b7052
SYNCOPE-1027,ad34459063e2959e9aecd5a6f795839946c7cc89
SYNCOPE-1026,6d81b69ac52a5a7773f600e5168f32ffb0dde79c
SYNCOPE-1026,fe8fa4f466fc0e4c167e722622469599bbf879db
SYNCOPE-1032,2fbe7fb200aae36f5a1d1935ece0b3921018377b
SYNCOPE-1032,08702cc79dbd1857ba4921293a98b975d3012857
SYNCOPE-1030,d0dc9b35f8e901c692c6df8b3016fd2384d94d62
SYNCOPE-1030,78ab71e43cbc1ad6c9c4226447a67853fc20c26c
SYNCOPE-1033,2d4aee40f67069f0ef6254dcb98dea0fd2d22074
SYNCOPE-1033,4958a7dcff7eb258cfcd45e34756235fad02e2a2
SYNCOPE-1025,2fb13a27fbd2c716c583458ca19168820022bdb8
SYNCOPE-1025,898ce487934a67ff8bfc7c542f9148d2c7ae220c
SYNCOPE-1023,e4947c909e4cf18713653a4e4977489331c5fb45
SYNCOPE-1023,3ec7492e84b9c1a80e62b3b803e8ed63c51f2f0f
SYNCOPE-1016,ffc490175cb789d6f6d78341f5078e8942bfca04
SYNCOPE-1016,b170c261a64a12eea7bbacde628261d60ad61511
SYNCOPE-1016,223f29a9547eac2c615bc4f18120ebc0cad0bd0d
SYNCOPE-1016,25bedf482d1d8b8df60c7263907a27addd38ab5b
SYNCOPE-1014,9ad62a3447449c5d3a735bbb5154d2ed7347e689
SYNCOPE-1014,dd8cda6fef424590d185824d32ad8a50d50bfd03
SYNCOPE-1014,560000847f8eb31b2964c32cf83224df5d9188ea
SYNCOPE-1014,7419f26a814405e020f20e3a8080d25a3bb008bb
SYNCOPE-1013,6a46d3a3f350a630a1d664bdb117304c6d249db3
SYNCOPE-1013,72d5bda7981b92a699b92531dde0dc7d789b3d0a
SYNCOPE-1013,f4ffc3b568792da1d91f4ebb66be78a0066b4bda
SYNCOPE-1013,9448637bc61bb102676cde5d09836e3ac7227007
SYNCOPE-1012,93cbe3fb003f938ba8fd6227cf780b8ae593422f
SYNCOPE-1012,4c4d3baefbb10da1e28391f38de0793e090a12ee
SYNCOPE-1010,f3795a8d55b2dea57a5fd0e67f7d08de0fb9828c
SYNCOPE-1010,69afe1a09a175dac1c9d5fc503875ef4e3efe1b1
SYNCOPE-1007,18cc99be5b95d0aaecb0fa2fe6a526b5941e74f7
SYNCOPE-1007,deac686f90acd387486824d0402bebdf72defd00
SYNCOPE-1003,d80e02334de47b7b1c9bb738f1f66b70d2826780
SYNCOPE-1004,8df515ecf485aa342b5b3098a78e23ea8a2c18f3
SYNCOPE-1003,79418c693dd5308c6d7ca00c96e1fdf1f24c5320
SYNCOPE-1004,c3458e4a8929329e97fe8eba8c72dcafb61ba948
SYNCOPE-1002,e06281c09a294275ead6dbd3a0c3775094df860c
SYNCOPE-1002,38f9284cee017ea50c3059b730c0c061e96bc5b8
SYNCOPE-1001,b709acfafe6228a63fef698f0f8f9fa237afec7b
SYNCOPE-1001,bc310b1a3f9da14ed078cef5a98686f2e212db90
SYNCOPE-999,319fff45d0197e5d139180c9ddde675ce7bd9882
SYNCOPE-999,489a28164ada2584172b27d024b7364e4166cf22
SYNCOPE-1000,7899b4d9cced869450c0c69e85249b7710e718c5
SYNCOPE-1000,ca63ef97b5e8d82de69664779d9ec5ac7f634f7a
SYNCOPE-999,58520329104ba3ae93a34b879c9a8d60edb8e7a7
SYNCOPE-999,a689bd2033a6a0d7919d692e82ec323577bc2222
SYNCOPE-999,e2567e459bc0eeb8065f0f2fcdcbd17ad4dcb0c3
SYNCOPE-999,e36511ffdc6cb4c783b5882ad811ef651cffb3fe
SYNCOPE-999,ecbff72b5aa6ea566540946a5e91e5d4e047c1df
SYNCOPE-994,ef65d83cf867044f0b859e8691728cefcd3f651f
SYNCOPE-994,1d91d1d0023c1a6c4ec3971e9a8f3f5c5e76f31e
SYNCOPE-994,f11b63cf9498d6259c7d8f58d54389cf2fa18edc
SYNCOPE-994,314f8364be9972a11e51d18c6efdcdf4b9091dc1
SYNCOPE-993,c12a546007c48616a304c110fbd25d9ff0527118
SYNCOPE-993,13d7ad2fb9144c8dbd49ca89cfd88a4e13b0c4d1
SYNCOPE-997,9c15f643a4f38cd86b6a4852896721d9d72ed824
SYNCOPE-997,5e6242bb55f6bd725dc16a8a670ecb01f8b96d53
SYNCOPE-997,9f7e0ac15813fb50f34992bc413729c8943cd6e5
SYNCOPE-997,44a858dc9bd9d32c07ca19217117babefdc7b4df
SYNCOPE-992,b30099b68ca105d097c261651b1a255de184556e
SYNCOPE-992,eded0eb3af5b96b513d934f19509bdf4b06e9df0
SYNCOPE-990,e44e5534009b8da9f7bda899b16a11340cff8293
SYNCOPE-990,7b81998b3bbe288b9d0a25d66da4f8ce64c68533
SYNCOPE-987,5b00c8c8cd59df96ac34f3a7495b9b396891a1cc
SYNCOPE-987,02722801bc7ec8008210990beb394048947e7da8
SYNCOPE-987,c47be3b59cf9778012fab5863c2d0c54eb46d19b
SYNCOPE-987,d101d31d0aa182ebf862f285b7b4b8cd76154aa8
SYNCOPE-987,0aba812830b9b29314e4221fe4a5cc0f3c997be4
SYNCOPE-987,1a832958ad0e45caf9b4e4f4254fa8e2442f49aa
SYNCOPE-982,18ac4512cbda7a1b58a185fc866887ff753d7932
SYNCOPE-982,5a6173bb7d0ae264e271f0c270c61a725a4d3d4d
SYNCOPE-981,778cb32ca3858cec8050a1259c541aaf0deb9cb6
SYNCOPE-981,367bf616046d9a31bb32529653560926832dbf1d
SYNCOPE-980,f1d294d6fe23b03ade5f59f9d1b94959c518cb86
SYNCOPE-980,c4ed6e9838d2d174b684b414ca2310f3de6533a4
SYNCOPE-979,db06951074ce82882bdc6bab9829f8bc60de221f
SYNCOPE-979,5c8975f02f807a3cd9fb448a4a721fa5c7ab887e
SYNCOPE-977,e7e8e92da2ac89cc7ee698cc589e28dfb1c06de3
SYNCOPE-977,f9b03e82fa42b110b23731eec53dffb68f24fb15
SYNCOPE-976,61f1c494f2954aa9c234a5c8536cc3e3944acdfc
SYNCOPE-976,16b3f89a6dec0831f9098a62b9a033f749dcb401
SYNCOPE-976,8d6e5a64ec497c25103be1e1685900efbe81c8d8
SYNCOPE-975,e2aee0758124846dc55da886c9cb8d903128c4e0
SYNCOPE-975,d4b49cd95f6caf2710fd54dfba475795b0924311
SYNCOPE-975,2d3bfe06a2b6116150e6b2c04bf265006d28e051
SYNCOPE-974,fba91e145593bd8ac44af74dd5fa2820ea509a8e
SYNCOPE-974,672be178c3748e899892e6efd32e9d08b9baf7fe
SYNCOPE-973,a2316a839d129792c0160e407c2032bb02cfff8e
SYNCOPE-970,6a59c3311e8b160e6ea9851c65def972a76e730e
SYNCOPE-970,13caa7a8cd529c517a72f9aa2fbfcd1ac27b2bc0
SYNCOPE-966,047c00d4b7f2b63245fbbf03080f719b9af3a44e
SYNCOPE-966,ea95df233007a6b91ee6ae41374728427e809154
SYNCOPE-965,31699b0c3d81a7fff781be8ed2deb72f22e8125c
SYNCOPE-965,4e298b0fe7eedb015d5b9b3e8112adccf45c1fe3
SYNCOPE-965,c1b55eb3c8e561c5cf7de2782cae76afb4920699
SYNCOPE-963,0ad70e2d69adcfbc658ed3b70cb648e0ef272488
SYNCOPE-943,3348c857f141bbcaa762c02cc5520aeed8974fa6
SYNCOPE-954,ccb747d01ee182cc48bd50b9dd1de8cc585f60c7
SYNCOPE-946,ba07ea78a933b7c316511b1512b534730405a468
SYNCOPE-946,97bdc56760b6f3219e27268a992f533689fd881e
SYNCOPE-946,b244c6144dd73d26b89e50461f0785d2040df214
SYNCOPE-946,cca8951728520dfbcf6d3992f12443a939eda9c5
SYNCOPE-946,720794a6cea78fadb384db079239036c5e8a9422
SYNCOPE-946,57faf70bc8f2763ab1803e488c4029baae8f671e
SYNCOPE-942,8d55cbe430f2a272f6838bd1a1a7edfad87e3ab2
SYNCOPE-942,77407a43ad1af88c4d39aa4ef6b4b3ecfb7c4adf
SYNCOPE-946,74d8abec6c245fc1ed763f190886cd76c2b6b52f
SYNCOPE-946,adb567116e9748fb36a236c4c7cad4c05a64ca95
SYNCOPE-940,7b9f9758fa4e2ece4d3cd4be6bc18dde684a91a4
SYNCOPE-940,9d861564d404c15d64f9836f01813b5b8e4fe6fb
SYNCOPE-953,8f59258cc3b740ae4c67d4840916958e4de351a6
SYNCOPE-953,580defe738226b2a6782bc38b7d9dad8084ef034
SYNCOPE-973,4371ae7874de87781ef180df9c310e38c95a46db
SYNCOPE-937,f8c0d716220eb01b08f56c3277bc60f34b51f9a2
SYNCOPE-973,496028e821d0b279c2777aeba680f97f0bb04378
SYNCOPE-937,d247b1dd4d8255d9fa7476cd7f4c289f2525e086
SYNCOPE-937,8e7db68e141b276e0ad5b41be113cea5b66452e4
SYNCOPE-937,b7c03fcf908e5b8651fea9e6a9b56aa5b6611edc
SYNCOPE-937,e821d5fd4d83f81bb5912e9b52bf90eb815f69ad
SYNCOPE-937,c67c98102965b4b4b270d6b64f463eb6a15d2c2c
SYNCOPE-950,a247cc51f7f4964d04dfd61d4042967e2ec99ee3
SYNCOPE-950,ba511b38b39bf7819be68324cb4c3c6ae0bdf53f
SYNCOPE-947,228bf3ed54cfd1ebff45bf0433e08bd84e3197b5
SYNCOPE-947,3be11e82b3ed9fc83ed5e274e6ee25b364e87edf
SYNCOPE-944,fc7ddd9bcb271fee036129173028a42840af6125
SYNCOPE-944,18a4ae4bcb40c5d22ef87c10975f7940aa04c8f2
SYNCOPE-944,1c1db2405b431e4782b15195dee83732754f64e8
SYNCOPE-944,95074d48a032ffa545404371789f4f53dd201d4d
SYNCOPE-937,144da88e87987c70f6ee52b24b31ba92eee1898c
SYNCOPE-933,35ae16a9cd8d1bb890a274e9190bfc66cec81105
SYNCOPE-936,f4b7a064127a89c06e148e8a5ecdd5daac7dda7f
SYNCOPE-936,a9c4d58380f1d4ef0f98fd00c388f31c51a34135
SYNCOPE-934,f6ba895c233d256674074bed3a727cad579c25f9
SYNCOPE-931,a29cc80615e8f066232c5cdf43dc5d25be8487c6
SYNCOPE-931,7a7d415cdb8df78f78ee4fcd73b0d5b392022d86
SYNCOPE-935,bbee3af7676bf566554bfb429191002890d1b577
SYNCOPE-931,aa90d840817101847626fed6e1388779d51d631a
SYNCOPE-929,8a916bf1e5c7ab0811dfb655653f4dee84e83f7a
SYNCOPE-738,35e35661e594900a66a83e8e47e5b010fe26b8a1
SYNCOPE-738,a634f7c75a53bf341e6479db44a01927dd1bafdb
SYNCOPE-929,7e66e3d5abd7709c04d1abde3af119159f3de961
SYNCOPE-930,b69e4cf5ed70d7f058a6213cfb409a705f8b74a8
SYNCOPE-928,a4d492918b04cbde4c570f43ad0ee4f3c461a958
SYNCOPE-928,d3c779f6b0581a6df69526b393c402577d3b95ec
SYNCOPE-928,9a7332af592d596149ae86570b31e4d0add52ab9
SYNCOPE-927,8150cf84b2f34eac46ba3c193c2c138259baec23
SYNCOPE-923,85807bc5f8fe07f0ead635c1e1afc2b11708ef15
SYNCOPE-923,a5333a62852a3f74e8aaf1acf7bc4570fa6c0a15
SYNCOPE-921,577d0577447c341362fcce075c492b5be4e18e3a
SYNCOPE-915,0910230d04aaf0ba69be675b29d5c1d2cd3390ba
SYNCOPE-905,3f279cd7b836c5d786ed21f5f400ab5d315a55f2
SYNCOPE-918,729de516b9dd0c86fb1b481a37e6b11c0492abf0
SYNCOPE-872,9cc78981f944546ee32e5968def5b0bb1e2f5241
SYNCOPE-916,ef7fc474457444f822bfb29842e7767a20356a36
SYNCOPE-872,343b3d400fd2457e2458c52eacd03af17c51dbac
SYNCOPE-912,873a1b93aa00226c43ce4d427786559c3ff36fa3
SYNCOPE-911,51275d6192fed391dcbdc871d130b6eb2d50e0d9
SYNCOPE-911,aa5da972be00beac028e0ab0c8fb88d96fdf2c20
SYNCOPE-908,c533ba9f882bb3fba6171c4a807582cbfc39d5ff
SYNCOPE-907,aeb3aac81cd1d8a5a12f9fc74050228d380233e0
SYNCOPE-901,c1c7cede8c464bfc29d0209350664ea9266eaec4
SYNCOPE-899,03c47ef4189163bd6acf0d4f030252d0e6ac1373
SYNCOPE-888,5b4cf31e55e2fe245f18f08e2e5e085a7463a004
SYNCOPE-891,5d95efacd81771a64c6d530f3403cb7b0f8d914d
SYNCOPE-900,b1f7576868c528093c8d28168bedda8ba92738f9
SYNCOPE-898,46e642eaf3a3375f2d51f422e0f91ded5cf74e19
SYNCOPE-898,f8212ae2b290acadbc47e5b737b057b33dda5654
SYNCOPE-893,a9bd3ce15ab684befa28024fd25c1f10e763ff4c
SYNCOPE-892,8cad5aad7629d36fbddb3730531392b76e57d7f4
SYNCOPE-886,c54adf5ce25d7a4de93a0805b639b25ba83eb34b
SYNCOPE-887,2119e3923feabf84e2b1c939cae0d609b8cf4eac
SYNCOPE-883,6f5bd3724d7fc0d81f5eb828e923302598bdd2a6
SYNCOPE-884,a0fa197bc9190a1d640bc87aa1263dd4a3637cdd
SYNCOPE-884,4f6818b103ece7f4b4f10d2fe4c10ddbff33b49e
SYNCOPE-879,835588b5fe34d65b7834884633ad13c19088f38e
SYNCOPE-881,629d18f2c62e72894676d9106aabea31954ca2e8
SYNCOPE-879,6a5fa8416222ff60fb627a748fc9be9f948339e2
SYNCOPE-878,21658a50f6668c1d0c4f2afa3190123e8091d073
SYNCOPE-863,e9d42f4ab157538001c90ab15df6416ba38f7538
SYNCOPE-869,3d7159e7b089d012e9b86c8499ae283859678c29
SYNCOPE-875,9042203d7f2c976596d271c73cf9765f17a498a0
SYNCOPE-876,ddc2f3a18034b50ea84c0349f52570bc5885eaf3
SYNCOPE-876,326397bb58df67216928c59ed14c5a7474422e25
SYNCOPE-865,bb0be0902e8a81d8c8896ef4aa55e1515bfc0559
SYNCOPE-865,636a136389d8a9334fdbbbddba1e0ef83426f99d
SYNCOPE-845,9df34b024b535af48c7db879139ec9d91fab98d0
SYNCOPE-845,4c053fd24a45e7a8a8b00cd5bc30d98f6d6900b8
SYNCOPE-867,1389a93766e99f473704719b0e6c03353626fcb2
SYNCOPE-868,bee58eabedf163d145b41fd44528975235a54bbc
SYNCOPE-846,514cbf435f246f3271e3d4d2d0e8386b6c54ac5f
SYNCOPE-849,fa5e27ff30cc98bd5194082ef080087193a92b19
SYNCOPE-850,fa5e27ff30cc98bd5194082ef080087193a92b19
SYNCOPE-847,4c2269e519f61f3bae0bff346872b9a96180883a
SYNCOPE-844,ecc062ca56d9875b2869f35a9917f52295f65ea5
SYNCOPE-783,af21e80106538f12c0c0ed2e2b94bf3344823f9c
SYNCOPE-840,d0b5a573263124d69c9bdeb997c48c49d54ae172
SYNCOPE-839,4f44042cb609d21618e35493ef825eed38dfe880
SYNCOPE-836,1bebcdad67bc84099da101957aae1cd978b1db8f
SYNCOPE-799,5472a323db374e96d1949c5c5ea86431faee7af9
SYNCOPE-799,94b6a75ffef5c38d6868f58cf10b7928da843c87
SYNCOPE-798,edb0cb33d4ca6ac6b993dfc2f8ee536752f17e02
SYNCOPE-737,b0417d7c3d45f2e0e2752ac4acb26af42f0e6b31
SYNCOPE-825,826065f0610ea485b6d3bb91634e6e3dcb93e966
SYNCOPE-837,a8758327731ffc6b30e0fb8246a9f8834e57a1e5
SYNCOPE-801,daecdbbc02f6b9011b8b3e721d6c8ec89abf9169
SYNCOPE-817,0139df76876234e593b8592502bcd476db50b407
SYNCOPE-781,49533dcead2543d298dce9b825c6fb7792c71c12
SYNCOPE-817,1735c44c19226d4f2351befa1efec60d9796d98a
SYNCOPE-823,f126c48419a2dba75bdd5ef413cc2326dedff442
SYNCOPE-793,74e57f1f732728ab0ca622239960207b948fe879
SYNCOPE-811,45bfdf7de9e7d0a17d2d59ce43be05ca3c94b968
SYNCOPE-792,e90fa814e8df525d1d4c0323f1f543610c9149d2
SYNCOPE-814,6a432b9a48a07c3a698c3c7c63b7218d8a848606
SYNCOPE-800,5c4181fcbe77ca2e57654b415ef5777f66f32fcd
SYNCOPE-800,7980b807cdf385ce7abc1717d6ac3334b3fb2717
SYNCOPE-814,75900f2d8f3e91586b918fd3386784680ef6978f
SYNCOPE-813,762178b15fb3555c58813ede0caa87d9740f9064
SYNCOPE-812,d9ec96b7c5d0c0dee206781e2c76f60eedcfe620
SYNCOPE-812,6dd1757b3ef536f56016693a320c5898084a9e1e
SYNCOPE-780,45c76fb0878f23d95a123185b897deae41c234d4
SYNCOPE-782,db624157e24fa58e0c870b8c1fce456e891ad9e7
SYNCOPE-782,282a19baac7a21127c6c3c86bed5c8a4e8018aa0
SYNCOPE-776,d72befc59157c17da6d05f67d4c84e233fbb413e
SYNCOPE-730,8cee98bc2e6c548558ae71723a714222f0511a31
SYNCOPE-774,3c19e35153170af40169fd1d42bcc2551dc73190
SYNCOPE-775,855c909156532b71f5df6fb0cb7266c0cf60c1d4
SYNCOPE-768,915f3c325d3dde66f8c8a891b3b0a04a165f7e54
SYNCOPE-768,219e86438db2356488b8d0fec8a2453e475464fc
SYNCOPE-768,80625d3fd65ffade7c211b45f738e7555f5eaf03
SYNCOPE-769,757608a7c7577b157aa6f2593a4f1ef782cc2ffd
SYNCOPE-735,757608a7c7577b157aa6f2593a4f1ef782cc2ffd
SYNCOPE-769,949d2e62e6dcdbe7f86854c75ac482c028f8134a
SYNCOPE-735,949d2e62e6dcdbe7f86854c75ac482c028f8134a
SYNCOPE-758,2b8a6481b3ea229d3c1ba4af88f6fc35fad9ca3e
SYNCOPE-762,5c53413463eb19c2f7fe128d58bcaebf5de1d57f
SYNCOPE-759,95709c9bd23e28e0564f93d663de313c4c35caf1
SYNCOPE-756,02abafa83422c5b657129dd587610556a0d8623a
SYNCOPE-735,614695f9a8558068f37374f25fc8149243b50cca
SYNCOPE-735,5b0bbfcfbe4aaeee3a370bb418af727dfcd616be
SYNCOPE-741,930db341fc53b0c71ada1b9300979cbd8ac791e5
SYNCOPE-741,a08d4749eea0a3863b99fe96d216e2477c96441d
SYNCOPE-741,7c84a5c031129bb58288272337b0a6a0f4ff1a28
SYNCOPE-741,b4812b218b60c821fa00309674018045b5bcc1de
SYNCOPE-739,141f96956f35c85543b2cea3ffb728d4dcf7b692
SYNCOPE-739,dde2a124c809e5fb97447680192453493faa43a6
SYNCOPE-739,fe3d08a35f480e86d67d279026168c770ff9407f
SYNCOPE-739,080fa9dc19259118b2f1db949801b9efdd32b21f
SYNCOPE-739,38cbc331f60abee41f3539b3958eb82aa1c407b7
SYNCOPE-738,18179de19556f4d2235a5264fe40a45dee149f3c
SYNCOPE-738,d6c211774586de3f66e6ec3087c8b2f98e0e9a31
SYNCOPE-734,073e29a16c6885163c94d7f5d3a9a5553a3ae231
SYNCOPE-735,e9ff5c73ed144337bf9dc44cbb96bbe01ea3e1d7
SYNCOPE-735,5ad760bd5fdeb62bd695fcc6b888ef5e9fa3a8a8
SYNCOPE-733,7b1cb89bba9b91df3a9153e9bceec5a53a2deec9
SYNCOPE-729,9da95172a5eadfe9ffcd021ccc4ba8b00a0a9ace
SYNCOPE-729,c6e008125fb08e9b939acb73e233742ad0c3824f
SYNCOPE-726,b04d1e549506eb0b137572e4460b5fb08f8217d6
SYNCOPE-717,381dfde35a27c1d1447ad40941ddabf4dbf9268c
SYNCOPE-717,e486aaf3a1ac1b5a3281a2c93598cc38cca4073e
SYNCOPE-717,d404b400ad4b37d5bb4e2b6aa9f0d9c164822250
SYNCOPE-717,5954e2e7d44878c0f87d594140f6cc42146ad5c3
SYNCOPE-716,893d88901513100e3daf5d4d5b4b47a3f72f9aea
SYNCOPE-712,fb577531bd39cb80b8ab81eefc344e04e5672af4
SYNCOPE-710,2011671c93ac23a2397bcc8be39a1ca191ed035f
SYNCOPE-710,2524280ebeaff46bc351f4692fb4f966148bc87e
SYNCOPE-707,876fde9aa6abe7501a6cfdd53e32be0828ecdf03
SYNCOPE-707,6852628030c6492a85fbaeaa81d9001315f5d985
SYNCOPE-707,091b0662c8d77b84bc96e7e4047a36da8c12643b
SYNCOPE-707,fcd85f6c4f9225919c1a55e4535cf0c151aab8e9
SYNCOPE-706,a3e23c1f175dbdda338c4cf01d8acf6fc3c4f365
SYNCOPE-703,4cd1c1ea653d3a3cc23f042825452dc7f735738e
SYNCOPE-702,4a57705c3f182e40b4210874d97769939aa94e17
SYNCOPE-702,a1e4daefa809f56023c4e61d3a50ab4681d1a5f0
SYNCOPE-691,76e38c59664f39245e6877c5853f5eae79835af4
SYNCOPE-691,87e75438173ff19b8589af7347bcf0a8b560710b
SYNCOPE-688,f29fd4eb86d112c724f02d457abec124c46142ae
SYNCOPE-689,8a1abd4e7c8dd70b01dbbc050f6b5fe680ae7554
SYNCOPE-689,9658f8c384543889779cd2c398c8fcc115b43778
SYNCOPE-688,716e2ed6a0614cf4b9e1882a80b7bb2496b83343
SYNCOPE-686,8338f8fa4586f9f87368772ab060c39cd18352df
SYNCOPE-686,054ea9ca212911475b6d8b0bd16011c9f831c980
SYNCOPE-686,a1737d35ad33c426e89a48259f0655ba3736ac6c
SYNCOPE-684,fe7fa1324dd1ae2815c0161a0c39cfc4e9c8ba97
SYNCOPE-684,660b0ce88b22152e816b7c7812eb6e1bdfdc496b
SYNCOPE-683,81a66445f1e7db024a602146e9eb51f44752ea64
SYNCOPE-682,f5df7f5cb3f5dfde39c90cbb85fe0971345a8728
SYNCOPE-678,f45f2d9bf1ff5d7e2eb177fc07660916fbfe4ca6
SYNCOPE-678,73d0975b015308a673767cb5aa890782a75afde5
SYNCOPE-677,22c91a79422831acd8007a2a17c85f7d27c9445c
SYNCOPE-673,c608b58540b1f6089e466096522042fd244b5368
SYNCOPE-673,8ea1e6acc0972628aaf7a011e04370fc1cbd87df
SYNCOPE-673,f672ce4925667fd80582878bdd55b9b0d644af0d
SYNCOPE-672,55d846eee3ded55ac9bcda2aec21b3bb4ce53fcd
SYNCOPE-672,13abc83310e7d204ccc47d39d5d7513392648006
SYNCOPE-671,4cd6f5dc673497b83c56873f007f61e405f40f2a
SYNCOPE-671,4c90ea872d43831e4ee593cb7b39306232b477cf
SYNCOPE-670,22a9e12e5e001de4926deb9052ba28bd98a85d62
SYNCOPE-670,15cca152d4abdfa42fe31a5f00f9c848cf31548b
SYNCOPE-669,d19133ef55221978395a1a933c03a8ba91018f12
SYNCOPE-669,b68778e3482ac4cfae11112d897d8c56333ef4fe
SYNCOPE-668,1d6451b5c4178e7d5a368d10af6df82055d95386
SYNCOPE-664,496a02a51547f2ba4a48d54bee7a8a4de48df076
SYNCOPE-664,b81cea711945ea7e5133371d9f06c42c398650b2
SYNCOPE-654,eb9ea2a279000f8c52780404e410efc888078dee
SYNCOPE-659,945158788e094be5a0a6b2a25113465b54940999
SYNCOPE-654,8187e7fbece3e5ecc4e7dbdb6ceace42785c1cbe
SYNCOPE-654,6a343e959303cf9bd1a5121fb7ee85205751309c
SYNCOPE-654,adc2f7f5229d716e282b71ad3f6d987dc9f32423
SYNCOPE-654,d2cc18c3518a534499c0b6737f096df251f976ab
SYNCOPE-654,c040d9e4e475ed6741aa6575bca0b94acfc5ae88
SYNCOPE-658,5cb056fe994910f5ced31c57e6e14987dbaac795
SYNCOPE-658,3202846298bfd44060f7a417c9102e05cbe81ecf
SYNCOPE-658,6896c460fb3f6149221307fa2c27021141b03ad2
SYNCOPE-656,f76826f6e521aa7ca227fdbe135f3a6771161eab
SYNCOPE-656,aea1c879b78630956d5a54fdb7b0449a2df3fcfc
SYNCOPE-655,35b974c77973c525172db37acd06b1c0fb5982d7
SYNCOPE-647,9f6dc6c28eb79839d62948055074789c925cc03a
SYNCOPE-647,c1e6b586445237da5e2e1eb75f2f12c0c591e852
SYNCOPE-644,4b8b58b867572dbadf2240e337e62f7a6ce9f554
SYNCOPE-644,2f7fc8993042ee816eb5d24fbb29d7ab7de7091a
SYNCOPE-643,c981971c97e06bbdbb83584585650b34eebe5f36
SYNCOPE-643,d01ed120bbf99c92bdbeece7986ccf466785f5de
SYNCOPE-638,4dc90d7d06722ad5651293178a0eb8eb613be489
SYNCOPE-639,21ada50208145c4561978dfdaf82158a6ad2b793
SYNCOPE-639,070c0770d814517e1c8ed772d98797b24de3fcd9
SYNCOPE-641,8671ee51e7ab2abe77208725c8cadca936f3ea18
SYNCOPE-641,223c0cda4ad43581860df1a892de1d2191222856
SYNCOPE-641,ce43e69504e23ce9d73f907a9944671d8b5bb6f0
SYNCOPE-641,0a1b3e90e0035baaf1eb37e9ab36d6cf0f548eff
SYNCOPE-641,7321d79015e036b8bb5829eb33ac6a9f5be5c723
SYNCOPE-638,4e35b35f484b126b55cf1c2a703969d0a6544fbf
SYNCOPE-632,64fa513e11e28f8f24ddacf803e6036edaf78895
SYNCOPE-632,3237d26dfcba2b8d00d6b7d71b47853207ed5270
SYNCOPE-629,4efca7c3ec3973ab4b774a1f43e4403daf3354b7
SYNCOPE-629,7b1c5ebeb85c2b27aaf1177e931431fa1da68be0
SYNCOPE-625,069b56f92aee2cfc79c326993ac8bf894bb07b04
SYNCOPE-617,7c0a5efc146035b5fb75a653d744b097f4ff3712
SYNCOPE-615,20bfa942ab1b07bef4002a160742ee5b47617204
SYNCOPE-613,9b429b287604e6bf6763dc6c65a61502ad333116
SYNCOPE-614,9d1607734850b852ada7a803c3f11a1bbf48273a
SYNCOPE-611,e414b79bead9bfc4044a8a8dde6a95b1855cf354
SYNCOPE-608,577f98e498a21fcaa355b65754ce5428d5e3db21
SYNCOPE-607,cd2d63984e6825427730babbee1e6d6b65a3835a
SYNCOPE-605,3fb39a46b7c33aacb2c42c9b79da07b025a718b9
SYNCOPE-601,68991ba9e4d0c15c628c431727fda4ed436de5ce
SYNCOPE-601,3d5a3706c5c5bfff149d1244a5221a77659dc757
SYNCOPE-603,972f5dba12c00012cd1fb23b0f3900c2a742cee5
SYNCOPE-598,4d264368ed1df29e13690e9c6b05b651a366f273
SYNCOPE-600,76b35a7870eee368d8b78e71d39bd9ecc2de5934
SYNCOPE-572,9329c54fd62180df3727a4f72bbddd41c9fa1b50
SYNCOPE-578,f44df5bfdf83112b5ecfa033a3710495e03df151
SYNCOPE-576,8fc6e9e542266dbdcf04d8db5bcbbe6ea7d9385e
SYNCOPE-597,15ac9a5c72788335d4079ea5302fcaf7be8345bf
SYNCOPE-596,a23ef02f2c672c009eb664e8fe91f9ae07e82adb
SYNCOPE-564,7c714f31c2367a899454b21b121377da5a5874cb
SYNCOPE-554,54f129513b898df2261f25a5b57e636d0604be90
SYNCOPE-574,4e29d42fd4d0f6b9dbc623527164b0d373216d53
SYNCOPE-571,ad6f31b29bb59d717262932b4ba0712684bb496a
SYNCOPE-568,2820eb2544e2bb31bcd623847a2aac746f8dfae6
SYNCOPE-567,f99657a2a66abfd68c115d9c1b083dc9b86a3105
SYNCOPE-568,9cddacdf1a985806f1ee7cef6b93fa7144b93548
SYNCOPE-568,6bbfc329759404bb2774280acafe6073d4167ed5
SYNCOPE-569,abfb80507484e0de6815a04e4a84e9e060888b72
SYNCOPE-566,05eb51deb03130506f9b96358b6ee564e8d93957
SYNCOPE-566,14b9753b5853da28d0f74617dc94cc5eec4497cc
SYNCOPE-565,f7d2058876237027edb5e34b9f2512796448d7cd
SYNCOPE-565,8d41124a4a4185d2c1b3c77ac1368e78fc760577
SYNCOPE-562,3400ae9c746b2c6678e9dbfa5bd9ddb509d49dad
SYNCOPE-562,2d05ff5bacca2c95463ecf5d0752f94665503b5f
SYNCOPE-561,1f9af45636a7b2b147d82b9acb374340a9f694ec
SYNCOPE-561,e078b845e82a0b3b9a4a91748ca3b6bbadc47cc4
SYNCOPE-560,36425c3974541f8c4b5a6398e272e55ffc638c3b
SYNCOPE-560,b8715c76ae4c59847a59d52faef9b8c2e3be4a4d
SYNCOPE-557,421a4e01a311343dd43ee41d81fdcdf7cdd36104
SYNCOPE-557,8ac72fadc5a47246a9f1fc7d231e36d116698b20
SYNCOPE-556,67a56d0a76d99301c10180ec4d0e08c263b976b0
SYNCOPE-556,4353bd397c2f41f7d1302b64e39b0c2a58f92ac8
SYNCOPE-553,ce54c5975d93d896668c45a9315dcd24f22638da
SYNCOPE-553,8c7ccb6dce5d4a1cb7729716b0a44acaae25b013
SYNCOPE-551,35219f85e88dc597ed1accca9d410c9f8a4de29e
SYNCOPE-551,e18fe26f8830d6c4709671369a2d97213b095690
SYNCOPE-549,0edddeafc46e7e52d85685a2f2486b0d9a95ab1f
SYNCOPE-549,5f9f13650187b5e89f2f848f06c6fb4b434d876f
SYNCOPE-548,b818af2a107e69f9fb6404a24816b6fb9e6d7b35
SYNCOPE-548,70376d1aa2937f114d8b406f06639715a0944c08
SYNCOPE-547,73dad882dc2a457b3faa7a86f5839904d9aafd43
SYNCOPE-547,e81f7d6d364703757004349706a2f7e9a80e1b27
SYNCOPE-547,4cc9738c9263c75857b1ea80b7b2c3e51494512a
SYNCOPE-547,38d4aadb6cfe50a541a0a302b9c899769b883045
SYNCOPE-547,0b5a345533f6a6a41f1725a61ab826173d4f5bd7
SYNCOPE-547,20a338c2b9153202e006ffde7001eeca5f55dc03
SYNCOPE-547,3549ea69dbc395951064e50d92dea4fb9bbf5717
SYNCOPE-543,4dee80310a37e111aa27b61f980881e3baf50eb7
SYNCOPE-543,dace282e2c26851928e9b81bab423e74a3f277ed
SYNCOPE-543,3903b84ed72cfc05c276761c3b03737d4b925709
SYNCOPE-543,83a805a463c2cabaa53d217f7bed9361dd42e208
SYNCOPE-545,b98b4a961b2d4da8e9b633e623fd7ac69a426ca7
SYNCOPE-545,e760b9ce9af18e61003717823626a5aa3b670b24
SYNCOPE-545,504fb159aab341bd4052817168d7c7b3943523c4
SYNCOPE-546,e5f684671e0685e7708c419b447e3899dab9bbc4
SYNCOPE-539,35a8dbef89f0099c0d20614e3295bd6d32b51c57
SYNCOPE-539,d7e1ea1e6935261416ec119f7c1181b1b9d92690
SYNCOPE-540,6cb13879bb499ca546e0f9a7c85551acc8d1678b
SYNCOPE-540,f579d388c20e2d3827ccbfd569c22cf688da3293
SYNCOPE-540,8138e3c4bde85510190673bbbce1823b91ea799d
SYNCOPE-540,a1db33fa8f3833fdad6b069232a0490555766973
SYNCOPE-532,0b237956bdf5d49f83ea8a6f9c7a079d2a562101
SYNCOPE-532,04d3aa3af4b110843ec06ded7656bf578ee54064
SYNCOPE-532,736f0e17429104e89cfd23f0491a82611d4a2926
SYNCOPE-531,81ad48c8301c89576d7e04e945ed1b8939626067
SYNCOPE-531,e79714f872be17953ab35f303958980514f6fdfe
SYNCOPE-531,a56e63ac3b44448c25eccc093ead8c94d2ef8966
SYNCOPE-531,ce6eaaf18b1ceae57e37033a4e1a6a503e0a5ee4
SYNCOPE-527,e1c6977bcb861365d8dbd56215d22c5338373461
SYNCOPE-514,59ba01e7a9873228605dcb68335fb2a00a752398
SYNCOPE-504,56c18fe7854e83c6d64c7c938a49793c1419cd59
SYNCOPE-515,56c18fe7854e83c6d64c7c938a49793c1419cd59
SYNCOPE-515,cbe082a2ebf17cb5ebf0f4be93cca1eda5b80446
SYNCOPE-504,bc9ec67d1f0d2fe8f7aabedfc1b9b32b19c0f224
SYNCOPE-512,a79e1f3d38f5d308ba86c75028546d1ee30c484c
SYNCOPE-509,4fd7a195fd35d91bd3a6e7de4d8c504bd0be16fd
SYNCOPE-510,050cf08297a71d6eb0105b94cd07551909ea6755
SYNCOPE-509,1bd086af5f873b9e4d221b2eb899dcc8a9733cae
SYNCOPE-501,e62398514bb634138aab4a18d62efe36dcaca2ff
SYNCOPE-459,e917514b4d73425a8da26567d3746da42ca64921
SYNCOPE-501,856eafa6924a37948697b93333dc011900290f3b
SYNCOPE-506,7450a07e98f0ee3f197d277701c1d60e09b1dc73
SYNCOPE-501,92ba1e4acd2fbddf39f0edbf532a5f429c180b97
SYNCOPE-458,9fcaab6afb4f253937f65c2b470ce37b775e6e24
SYNCOPE-500,aceaf25fdc38d26e5885a78ac2e775352eca1715
SYNCOPE-500,7acc8d151365691add5854c0120b1459f07de2e8
SYNCOPE-500,e1c0b2c001ba273b16fab62f5d8d59492b8b303f
SYNCOPE-497,a01f0bae81494750cc3f9914abc58301d7effffe
SYNCOPE-499,3ddffc0364ccd183793701359dc77e6125943e9a
SYNCOPE-499,435cf91cda4887ee8305ceaee9dfb3f85635ea9a
SYNCOPE-498,316eca74d0fc08548d1199fbe2f49325ca84d866
SYNCOPE-495,ffc61f0e328a2ec702f0e9ca72cae31ed38d9b53
SYNCOPE-495,963cc3105fa8e15862c2f0b45d41e4e630cf5d6a
SYNCOPE-483,7cd4b43de678e9545fd191d6f6b102eddd674141
SYNCOPE-483,a0976793c6e5f6e05ef8e0c0d25613b9f42a7e12
SYNCOPE-490,067b6ba262293b6f58a7340e9cac17d6e7109682
SYNCOPE-489,efb1ab7252cd55f1a983b220c64f247591094eb0
SYNCOPE-484,8cd8508cfe7b858c049acadd4c789abbd44640f7
SYNCOPE-482,eddd08e933a50e2ee8a60288318d240059480324
SYNCOPE-462,9dfcc57a1d33b0bb8be888050d42cac877d2e412
SYNCOPE-462,e9c813556781360223a8a7f8c2ddb8074470ee75
SYNCOPE-476,1e5f2a67f6036f5379dcd740d4b1c4799dee7b90
SYNCOPE-477,1e5f2a67f6036f5379dcd740d4b1c4799dee7b90
SYNCOPE-476,af58a6e90bb05888763e3e5422efd235719d7f9b
SYNCOPE-477,af58a6e90bb05888763e3e5422efd235719d7f9b
SYNCOPE-476,fcc7059ef14f5c935385c6959e272b2d133e968f
SYNCOPE-474,b63ce558de2acc5577e643c944fca79f11ae3b12
SYNCOPE-475,6cba7826c7d7866179237c1236d5eae8e7652828
SYNCOPE-475,907983e586194622e921dbf9d24f70ce07cc8dda
SYNCOPE-465,6afd2ce9bf994e4fdab2426d9e113aae478e0d4c
SYNCOPE-465,f285d526ffde53fb323ea66705283e77c8fe85d4
SYNCOPE-465,8bd972c47de9d8659c9e57cefd30b7c702fc3d33
SYNCOPE-465,822302c158dc907454835b54d69c811cfed3fdd0
SYNCOPE-466,2940e5fc1a1efaeac5b75bd232cae744de01b2f4
SYNCOPE-466,b33f2ca563ebd70b1df0dcd8820264ca4b05a79b
SYNCOPE-349,b41540a30aef6db0dfec2dbb36fc77b1f50ab73d
SYNCOPE-349,dc9a5a8594e7b6dc377c9b42bfa4fbaea449fd7d
SYNCOPE-349,90e89addb59464ed5eb311ba9a8c698788eaef46
SYNCOPE-459,db01dd93e91964bdcc54954c25b38509a320aef1
SYNCOPE-459,e16d3b9d6209b6081873a85493839447b332f469
SYNCOPE-454,8c4a227edd50fa0e35dbc77038a7ca2a6a35b3ee
SYNCOPE-454,8beb540ecfc37e38778d6aab24b185a30395f9ff
SYNCOPE-455,0e2dfae7c29c375e22427df4655bc102a0808f0a
SYNCOPE-455,f2648c51c3f6168095fb67007618e8eff59f38c7
SYNCOPE-457,48798d615bba77ccbdd6f8857ad101ccf7cde9bd
SYNCOPE-453,452ec8e6e6e83f29aa4bd4c4c54dbfc172b28130
SYNCOPE-452,1f4059be5aff6d8023baa519840eee4eb5ff6ea2
SYNCOPE-452,7568625dd9de4c9bff6b1a7a908e85546d5b22db
SYNCOPE-456,f9aef233e493e3ed47f9011ede1b94441272c9f9
SYNCOPE-440,81a069506a0a2607961b4d112575dcf9300aae4b
SYNCOPE-440,361b589a9b408c0e1032517d2924c6352cc3b415
SYNCOPE-423,92373efd005c3906f57a2900b3612e3b1a8183f8
SYNCOPE-423,95b6bb4da47a31a89ca35998d648896da5ff8cf0
SYNCOPE-436,1ac7ccc16f2210c5552bc2c2ac97d85545400cf6
SYNCOPE-436,dab16ce325b527a03ed2347cf7c54d45691674c7
SYNCOPE-436,25d8c0d6b7c76bacf4c229ae4cba1b393a9c38c1
SYNCOPE-437,43ffb320a49416a2a052536bebb52f4ebb646619
SYNCOPE-437,6fc66e149196d80cf614c9d845596493e4fcd491
SYNCOPE-423,e8af6c4a9f66d6389b5163fc9f79f7c4c9c7e251
SYNCOPE-435,3ff71d74363f119a4378a152d5125348dc79060f
SYNCOPE-435,c490cf6fa52bf0cce6574b074af60e441b599f95
SYNCOPE-423,861bf57bbc50139a9cbc967e2634d1c3f36b9f3a
SYNCOPE-423,21a175aea1a6103b0838a8c3195a17520cb32d7f
SYNCOPE-434,3d0363f62bd3e7bad37bcd8dea70385dce7fa99f
SYNCOPE-434,3736919b3e7fc2b0824faa710bcec7d3868d8617
SYNCOPE-433,1fa232ccb536915f1b37c30325392000bf666f95
SYNCOPE-433,133c6b04971522d2123e5a394089e3fdd8cd7495
SYNCOPE-423,95b449081f306574823de95598e61db572992fb6
SYNCOPE-423,8494fc73f911d4e3f18c8d00bc15a1f40ae06450
SYNCOPE-423,0ead583e574e126e4363b46a3ce391f9d9fa9ca1
SYNCOPE-426,43485c73714d1d17f4fc0b124197214a86c41902
SYNCOPE-426,fcba4ceb069085f6aa7bb33050d7d77ef476be94
SYNCOPE-419,1cf3bb8914d365aa35cd253385ea51709538cb8e
SYNCOPE-419,751cf78a522213d1af8d616492a223a32f37cbf8
SYNCOPE-418,f6bbf957ab7f69d35785ee7dd4a3e3a6ccb42be9
SYNCOPE-418,34c180e0184d9257d42e0f457674ef3defd0fc2c
SYNCOPE-418,7df0dce62a55b82d7f1d637ba61cd69f418c3b2a
SYNCOPE-417,65d40b7bf12cd0592479eeab46654a7caef370c7
SYNCOPE-417,b20e8370f55cdfdc09b0a295720562e64fd265a5
SYNCOPE-412,ab494d7fa8987a9c073207679f52399a7c670a6d
SYNCOPE-414,bbe1419b837ac95b841c62588a388f321d4a9fbd
SYNCOPE-285,23a34b4bcbd8aae74ad25e710b1d4654f22a0e65
SYNCOPE-285,76a4861d322120ac8e6a9ba21416c858243c0d55
SYNCOPE-404,5bc5444d4197f9a2cadc73282430885d89860a8b
SYNCOPE-404,d662963a4d863f886eeac214507e9764f1ba1645
SYNCOPE-400,2275dca97b42c7b7e3b0c8bd52934268c10650c5
SYNCOPE-400,ac1ef5831d010bd782eca6a3936169d3776f4b5f
SYNCOPE-399,9d01f95ffdf2ce861b5b8c166d210fea0329b5c9
SYNCOPE-399,0b3ca4a98291be7bb1e2ff00b953438401d06cb3
SYNCOPE-370,561a8c64f6810a81e941342106ac8b4afc51404c
SYNCOPE-370,a636677ea268cbc7d259c4de0013db0715985b08
SYNCOPE-398,c8bdd8534794b955632fcf61bb46dbf9ee9bbcb0
SYNCOPE-398,5cca15db54f476bdf1039d884455c6a8927c09b9
SYNCOPE-397,00166b51c13ddafa7a38919a636e24f436d29d26
SYNCOPE-397,8e7e89fe62a2874b18a7e6cdd02b26232ec11ca8
SYNCOPE-396,dfcb2632e95583dc35cb99f4cac19a363bff4b82
SYNCOPE-394,b4254c8c2ae1051b8d1a295592cfc2b59404f480
SYNCOPE-394,9bd4a33024c080dfd62848fd887d39d62335931a
SYNCOPE-394,5af121463d1f29cf2fc4d0b38510492099f70fd8
SYNCOPE-387,21e8da23ee598d65af23213bc68e18f194f7ae05
SYNCOPE-387,e742da5f3172cd914420d4a40fc1ea78932bbbbb
SYNCOPE-386,0e33853a83ee61548d055928e2f8b2e688eb0773
SYNCOPE-386,8ba9c866b3176e2d3729f0f9000dc4e2d241e6eb
SYNCOPE-385,e9b32c5564805a386e89eee8e97516f5753fd2b3
SYNCOPE-385,ff5e5547d5f8463566fa9dc3e70100fe590ecf0e
SYNCOPE-381,25ad33a77ed4d3114260546f21c9dac36f1208e1
SYNCOPE-381,b28b5843654e8b4c8975b7f8fb1491aba5f92412
SYNCOPE-383,b97d26cb2fe86c99e9ac6dff60d177074009c7f2
SYNCOPE-383,fbd31cd5dd2022c37d9cedff58898d9c9218bdc1
SYNCOPE-384,6930e5c48beb2e2719062a12e0f66ae62bf01016
SYNCOPE-384,1bcba4409333e831648a227459c38dfde5ab12de
SYNCOPE-376,357ef239cff44078b63d5e576843f26b41a0f64d
SYNCOPE-376,21221c19c5d9021beb2c3393e5110e25f3ff8b33
SYNCOPE-375,f1a6ec238161db4f3637bc1bf9fb894ee8167b17
SYNCOPE-375,bdcc744f427d20bf35a574e6266b754e233be651
SYNCOPE-372,b15e4ed00543966b0d20e8886f78ac5b9146af8b
SYNCOPE-372,f8ecef1fcfb758822771f41afa9907a8715ba372
SYNCOPE-373,223db7ba16cd8413d1e6ab5a4ac5f06e30cb1307
SYNCOPE-373,c057c0eb98c093d76663aae7f7ac43bf0efa18dd
SYNCOPE-285,c63fa3e474e4ab9bbd3dc6426daab10749fab885
SYNCOPE-371,727fb9dece0d7aa789663a5acc762cbc80623e2f
SYNCOPE-371,6321f920b4658c2c01a98d39a8dc3890544a02e8
SYNCOPE-369,4c4876ec440e826afbcb2f7c54b0b50d330b60c0
SYNCOPE-369,9e710da83f0217367bb7052c320e3928f4038781
SYNCOPE-368,79dd23cfc384ebbc5fc656206d1aa583a82aaf05
SYNCOPE-368,cfd67bed4cfbe194dd11bb15e72c1c72c7d2ca3f
SYNCOPE-336,4cabd59ef5a9b4c73e910ba926e11cf360f4deee
SYNCOPE-365,062d95c120c7ae0e3b727558e307dc462c22866c
SYNCOPE-357,26ab48865ae7cdbf5860130d76c1fe7391bb72d4
SYNCOPE-357,800371ddec3f68603ed54f60bf72a2792ec4821c
SYNCOPE-354,adad7f32f34e4747a4da4545bf043b5ae7dcd456
SYNCOPE-354,e717dc4d620c88df13831e36b263d6c97f82ce3e
SYNCOPE-364,87a4c00cfb48fa7b22ca89449cfcdaaeefaec5c7
SYNCOPE-364,41f8139113d1077feb667f6b33290d23c04a2279
SYNCOPE-364,4942ad0947cd1401bc779e9cd99c744392e866bf
SYNCOPE-363,71550a66e999af49729687fd90e72b39c186ba0b
SYNCOPE-363,f4b36e580aa875b8384f6ad10abf53813f6be8fb
SYNCOPE-360,9bcc552c2593011fe9157a76adc5f7e9329f93c7
SYNCOPE-361,aa1a7c6f90bc09bca2463649a944c8797a63cc7d
SYNCOPE-361,9ab4a6fd4fc65670110170617ade40aa3a443480
SYNCOPE-361,672cebff2fdee71d150721d522cfd4b537d8e724
SYNCOPE-358,132365ba6bac7c91df5100952a029325b19e78d8
SYNCOPE-358,7f70d538778252a5f4b9706299305e59124c0acb
SYNCOPE-358,a9ce3f6a4598436a72e02cc5ba2b2c26550e13a9
SYNCOPE-356,8bb662cbdafd618e1f9536b01afcd141c73862be
SYNCOPE-356,5156537301a5905b543a09c9b6f5ef4d37b2c0fa
SYNCOPE-352,cefea78d6a7a5da3c5e9450afc63ff9c5969dc0b
SYNCOPE-352,e988ecdbb2c5129743add2c1ad95fe9781949361
SYNCOPE-353,f9c5e26ef08dc852ac861835b3bdd7e983a55cd0
SYNCOPE-353,d0701a9260409b740169bf1a98be0ba641d8bc81
SYNCOPE-351,f632f56dd8786299ac4d2ef1bf22799bd0d84ecd
SYNCOPE-351,c6e7ac002b60ac457751b00a5bc9d683541aab0d
SYNCOPE-351,e2ec8d3f081f8715ea10ad879e4ec46a9cd81b4f
SYNCOPE-343,3272f8bd60a97678bd73f51111d8e033f34f3169
SYNCOPE-341,0438111af1088172eeb05c61d571dae2b80406b1
SYNCOPE-341,943f6753dbe2acd8e7ffe31b13ebb390927dee89
SYNCOPE-342,972812f69d456c13320e02618c03f0f7a77c0dd7
SYNCOPE-342,241c0c1033fa791f0ff06f40c58fbdd93e0d2fca
SYNCOPE-339,aa9cd6b9da825787821443345ff58fc2182fa2f6
SYNCOPE-339,af50f1794f6a38495e0a0c4a1062bedfec716157
SYNCOPE-338,dc893d8eee1231ae1832017e7eb3f963b6862138
SYNCOPE-336,e8a50c9ed1fa2e4638e6e2ca38fb0eba461676af
SYNCOPE-329,4f0cb18b7c777dd41aa8205211a72b6cc217b8d6
SYNCOPE-336,5c0acd013386d81c1c04b630a3c78c08aa47438e
SYNCOPE-328,621b948de0f62a2f55b7d8275ebf967931146d6a
SYNCOPE-330,edfb9edcaf52be6d5e2f1d616a861f85eb05d415
SYNCOPE-332,2a53b46e56df3010c68334846bb8323a7d5d4e94
SYNCOPE-332,dfcf269d2ac450833a7a745e230e08836161a577
SYNCOPE-334,14ec17ba6b6f84021606a027737aef2a60d1159f
SYNCOPE-327,a6aca3dfe827658d99523012c3c35ac13d4c5d11
SYNCOPE-327,af601327fde094928d9e3d0f99e65030822d237c
SYNCOPE-327,0b7fef8e539073a334e66f0b8ba8bb0e22f6301c
SYNCOPE-327,bb9033956c9f5948628d4e2f2776fc0409533166
SYNCOPE-310,efdf4b6346f9fc1cb04c116785e09a7b16782c56
SYNCOPE-327,5de9702f07815f52b1adda625e8d68139cecf295
SYNCOPE-318,3fb90f478fbc16b061f078d94b8ae028d87b084b
SYNCOPE-309,eb4f73b6ba5b4b96a26e06b65ad7930b641ac94c
SYNCOPE-309,59cc33b47d96ee7be9619dfaffa4f9d3cb0a393b
SYNCOPE-309,81501d869d318bcffa2f11aad2896becfdad2f24
SYNCOPE-309,efe446d3222465fe74fe0fac930e1ae918cc748c
SYNCOPE-325,10182b41907082966302880aacb9350d0d957566
SYNCOPE-325,1e46adc29dd74df918965369603dd77aea63731d
SYNCOPE-323,da93d10e824868d652dbbd647253e60e4cf4e07e
SYNCOPE-322,15202675bb8f5642b23cc02b647ab4f89382a1a8
SYNCOPE-321,6d4731d943f02d60565a98be1713bfadf9799898
SYNCOPE-310,9ffda20d58ceac302d130634602a4fcd8a1cc9be
SYNCOPE-320,474f4f6ec2fc7177119014dffdc2c6d0b78ce083
SYNCOPE-315,ec16475054bf7292a62909df7863ca44dffa62e1
SYNCOPE-315,dc41056d4669f5d7f66a3f61a932a74d52ba68a8
SYNCOPE-317,9db99c23000bea004cdd8d4bf424683cd33c2132
SYNCOPE-316,dd81cbff9f7a25f11b26c5c2c43b9c2d2ff4a13b
SYNCOPE-316,76d357b34dfca21edddd0d3b71e2538541978e6e
SYNCOPE-315,db73f1018ec4a4645c45c3a0fcf6c69f8a7cafd8
SYNCOPE-315,c03bf82a9c9123c0939cee0581e76530de4b6ee7
SYNCOPE-315,4bd52c2e5ad478e7359be8549bdd5c43537864ed
SYNCOPE-312,a9b3526e9de3e27baee367bfb7986f96f976e940
SYNCOPE-312,e233932c16d6174d5ca056a8190a925337f46954
SYNCOPE-314,0ac6d26283df96e40312dcb61d5320679cb658bc
SYNCOPE-314,d2b78d0f2a80c62e4267d2cfff5ece05ef174229
SYNCOPE-307,480bf39866537034c13eb7bc524a2baa1ba33898
SYNCOPE-307,6c1eecb6edc61bd575a226d54756eb47dc0f521f
SYNCOPE-307,60c21d72a62fb78c2b3a91c2ec0724dfe225827e
SYNCOPE-307,b770ca7eecbb28ce57cfccd114f73dfff5f22684
SYNCOPE-307,e8198d7b6434ffc5a07d49498c7ce02385aac946
SYNCOPE-308,f872335b20e0bbe1734b5a5dacb6ffae6d5ce70b
SYNCOPE-308,cb073867742100bc01254f4aa8e190b0248b4df3
SYNCOPE-308,5c5bf1194038e5550b52b0e7de8431073406f682
SYNCOPE-310,3ef7baf73e3d9e83e3fb3b27aa5152ffc2a63931
SYNCOPE-310,f663bbc9c1b34e781081602c78210c6953bf233d
SYNCOPE-284,36a2b0bd551954d0364b279ddf50c541142904ee
SYNCOPE-306,9778213812636ed23c2785d320cd6416b85d2fbb
SYNCOPE-294,caa364c55eed6bfc2d93484faa5836bc2ba5d950
SYNCOPE-294,968bd6258d62fd307fbd5c222ba8f8c98302dcd7
SYNCOPE-297,e5daefcf7860440e81fba965d1e92671fb6b09d9
SYNCOPE-302,45b4f6318db61bb78c105695ba2423b58714c4b4
SYNCOPE-301,e522014cc19b53d6dca57e6f80f2c7335a81590e
SYNCOPE-301,ecfbcf55e0578e698c6a0218d37d14b3de91610f
SYNCOPE-292,dc2a9e22ea07f92f32a10b2b3413fc845b28af21
SYNCOPE-292,6b84a05aef688f0190f55097732f3d72777e4455
SYNCOPE-274,72e4d9d7ee46bbe48411b22f7776f4cec128abf4
SYNCOPE-274,a5f919948e847601601df091fdcfdcb8f79c15e9
SYNCOPE-272,0ccbe2f7b2ec04660740b885c590deda6874d130
SYNCOPE-272,0b483b548aff196380bfe8d6fc0c62f0a004fb9c
SYNCOPE-269,4fefb4d544415014b4451ff2872eb745cb7909eb
SYNCOPE-269,38a4d4b0b6131f2138fcfa1abb2006bee5021d30
SYNCOPE-267,5d58e023a63a8e25d87225aa7547d24d733a2065
SYNCOPE-267,415c57efa1eb3849945fe85c6ac80a9a027ae924
SYNCOPE-267,5160ab92dd3ed38f81241330df6fab0bd5c2b97c
SYNCOPE-262,c050cfe4cc6c4123517bc0fbcbc4eaf4a195f5ac
SYNCOPE-262,26f7ba0cdac007fc34ae82fab0d1d928963b38cb
SYNCOPE-260,2ef8a0656d6b0b12a331aed8efe6a7a9acd75314
SYNCOPE-260,f00757d975e33bdaf06882130ec295a7b8a2d5a0
SYNCOPE-260,1a96e856a2d14441c4f4d802360a440b3d57a601
SYNCOPE-260,bc0f5e7a6e0907900fa9af6f8bf24faee7dc5f61
SYNCOPE-260,9a4b378963e75bd0ec3e6ac2c8549b35031e2462
SYNCOPE-260,4b48056bd005a7a5f8dd12b58b18065bbc513806
SYNCOPE-260,dec4f138e94a789010f2070e5d8039a8f5cdfde5
SYNCOPE-238,f3d46f062d0132dc6be588f754467dd3040937a1
SYNCOPE-237,524d678029a641301d1dd633f39009f41c3af04f
SYNCOPE-233,868cb4bab9dfb9700769aae2f9e4f2abc9a711a0
SYNCOPE-236,87db0a091af369c54dead4765d2dd273c3936bc0
SYNCOPE-233,28f28bdec97969588d93e1bdd3c725b421e3d9da
SYNCOPE-232,f41aab60aa07103beddae2f85a6f3494e6471a89
SYNCOPE-234,9f733f56df217d091b9902d3973b6e08e8922720
SYNCOPE-232,bfdb38ff69993535088259b69810c900f5fa7c13
SYNCOPE-230,f3fa87f8e931134e4d1895508120c1eab8f1e73f
SYNCOPE-228,aca08fe07fb2f0093067cc51fedd11b350a1c0a9
SYNCOPE-224,bbe20c2482e5c2db25f0c1ae599ffd7835475538
SYNCOPE-220,db42fe8ff18ef7a76d6cea8336aa2cd485b91d5d
SYNCOPE-214,a4d57d70017b765cae2c349ffb08a8b5d8a1bcda
SYNCOPE-217,6ce61c4ccc2ae1758e7f2cc4a5ed8620c8df4158
SYNCOPE-217,90fb32b891d0ba83e1fa51b79d600aa95fc1cae5
SYNCOPE-202,6eb2b78f4249b28a1b6c56c34b7f55e3288ff4ec
SYNCOPE-211,da32bf40c26a314cd323dd78fd78dc5a834dd0c1
SYNCOPE-194,2ff126ad01798212be1b6674a94588dc2809fed3
SYNCOPE-197,9479176170aaf3b98f83cd3502552a04d27e3ec4
SYNCOPE-196,6bfba4254122878669ca1ec969152c00732769ab
SYNCOPE-196,1528159ff29a768273d38196096d86598772498b
SYNCOPE-185,17d8b17e6877466f99d8759cd56f8859573cdc20
SYNCOPE-192,b2daa7c53f9eeb76bc4196477f735c7a29bc2154
SYNCOPE-191,ac7351cb66b9133dccde1bd9eebfcaff9b90cc66
SYNCOPE-182,9bf6c8954a48820fdce27c6daa9462da526ed210
SYNCOPE-183,16e2f88b602e249b694f8e9ac53d17bb14f15610
SYNCOPE-183,f95ad4f11d6d9880d2dd44799c7880402bc50a36
SYNCOPE-183,d6ae12df44ec1afde7f830ae6431286ccefe4007
SYNCOPE-187,945a21ed1a2e43f80ae49c5b72bc3f251536a9f2
SYNCOPE-187,af0b781245d53d31d13f5f5362c1f91da540ad8b
SYNCOPE-181,6d971a7d73593279673477bbeee06a01abf8bd53
