TicketID,CreationDate,ResolutionDate,AffectedVersions
"SYNCOPE-1980","2026-06-25T01:15:08.000+0000","2026-06-25T10:43:23.000+0000","5.0.0"
"SYNCOPE-1977","2026-06-17T14:57:34.000+0000","2026-06-18T14:58:20.000+0000","4.0.6;4.1.1"
"SYNCOPE-1972","2026-06-08T09:22:43.000+0000","2026-06-09T06:56:13.000+0000","4.1.1"
"SYNCOPE-1970","2026-05-28T12:48:39.000+0000","2026-06-26T09:56:39.000+0000","3.0.16;4.0.6;4.1.1"
"SYNCOPE-1965","2026-04-24T10:35:46.000+0000","2026-04-27T07:33:13.000+0000","4.1.0"
"SYNCOPE-1963","2026-04-20T15:38:28.000+0000","2026-04-21T08:37:29.000+0000","4.1.0"
"SYNCOPE-1962","2026-04-15T13:24:55.000+0000","2026-04-15T15:06:28.000+0000","4.1.0;4.1.1"
"SYNCOPE-1960","2026-04-07T15:57:09.000+0000","2026-04-08T10:01:15.000+0000","4.0.5;4.1.0"
"SYNCOPE-1959","2026-04-03T13:12:23.000+0000","2026-04-03T18:24:33.000+0000","4.1.0"
"SYNCOPE-1957","2026-03-26T15:17:02.000+0000","2026-03-27T18:49:50.000+0000","4.0.4;4.1.0-M0"
"SYNCOPE-1956","2026-03-20T10:24:12.000+0000","2026-03-20T17:36:49.000+0000","4.0.4;4.0.5"
"SYNCOPE-1945","2026-01-22T09:41:47.000+0000","2026-03-27T15:06:32.000+0000","4.0.3;4.0.4"
"SYNCOPE-1944","2026-01-15T11:58:13.000+0000","2026-01-15T16:23:46.000+0000","3.0.15;4.0.3"
"SYNCOPE-1943","2026-01-15T10:58:35.000+0000","2026-01-16T08:26:03.000+0000","3.0.15;4.0.3"
"SYNCOPE-1942","2025-12-30T09:13:20.000+0000","2026-01-19T10:50:13.000+0000","4.0.0-M1;4.0.0;4.0.1;4.0.2;4.0.3"
"SYNCOPE-1937","2025-12-05T13:58:41.000+0000","2025-12-06T06:36:42.000+0000","3.0.15;4.0.3"
"SYNCOPE-1936","2025-12-01T15:28:06.000+0000","2025-12-03T06:33:48.000+0000","3.0.15;4.0.3"
"SYNCOPE-1933","2025-11-26T12:12:40.000+0000","2025-11-26T13:46:25.000+0000","3.0.15;4.0.3"
"SYNCOPE-1928","2025-11-05T10:15:16.000+0000","2025-11-07T12:06:44.000+0000","3.0.14;4.0.2"
"SYNCOPE-1925","2025-10-29T11:51:02.000+0000","2025-10-30T08:01:54.000+0000","3.0.14;4.0.2"
"SYNCOPE-1924","2025-10-27T14:54:55.000+0000","2025-10-28T07:29:24.000+0000","3.0.14;4.0.2"
"SYNCOPE-1921","2025-10-21T10:44:39.000+0000","2026-04-27T09:53:24.000+0000","3.0.12"
"SYNCOPE-1919","2025-09-30T14:48:25.000+0000","2025-10-01T11:27:23.000+0000","4.0.1"
"SYNCOPE-1915","2025-09-23T12:22:18.000+0000","2025-09-23T12:24:06.000+0000","4.0.1"
"SYNCOPE-1913","2025-09-17T08:51:46.000+0000","2025-09-17T10:39:55.000+0000","4.0.1;4.0.2"
"SYNCOPE-1912","2025-09-12T08:40:15.000+0000","2025-09-15T10:33:09.000+0000","3.0.13;4.0.1"
"SYNCOPE-1911","2025-09-11T09:58:17.000+0000","2025-09-19T10:27:36.000+0000","3.0.13;4.0.1"
"SYNCOPE-1910","2025-09-10T07:49:23.000+0000","2025-09-10T09:17:18.000+0000","4.0.1"
"SYNCOPE-1905","2025-08-12T15:27:55.000+0000","2025-08-13T09:33:22.000+0000","4.0.1"
"SYNCOPE-1904","2025-08-06T07:27:26.000+0000","2025-08-06T09:53:27.000+0000","3.0.12;4.0.0"
"SYNCOPE-1902","2025-08-05T09:38:49.000+0000","2025-08-05T11:09:10.000+0000","3.0.12;4.0.0"
"SYNCOPE-1899","2025-07-29T06:49:57.000+0000","2025-07-29T07:07:09.000+0000","4.0.0"
"SYNCOPE-1896","2025-07-23T09:07:17.000+0000","2025-07-23T10:03:21.000+0000","3.0.12;4.0.0"
"SYNCOPE-1895","2025-07-21T10:19:02.000+0000","2025-08-01T12:35:16.000+0000","3.0.12;4.0.0"
"SYNCOPE-1891","2025-07-03T10:16:56.000+0000","2025-07-03T13:20:46.000+0000","3.0.12;4.0.0"
"SYNCOPE-1890","2025-06-30T07:13:22.000+0000","2025-07-01T09:55:07.000+0000","4.0.0"
"SYNCOPE-1888","2025-05-28T09:37:21.000+0000","2025-05-28T10:43:18.000+0000","3.0.12;4.0.0"
"SYNCOPE-1884","2025-05-19T10:35:00.000+0000","2025-05-19T12:34:47.000+0000","3.0.11;4.0.0-M1"
"SYNCOPE-1883","2025-05-14T14:22:47.000+0000","2025-05-15T10:36:09.000+0000","3.0.11;4.0.0-M1"
"SYNCOPE-1882","2025-05-14T10:38:31.000+0000","2025-05-14T10:47:24.000+0000","4.0.0-M1"
"SYNCOPE-1881","2025-05-13T10:07:47.000+0000","2025-05-13T10:32:17.000+0000","4.0.0-M1"
"SYNCOPE-1878","2025-05-12T08:48:25.000+0000","2025-05-12T09:07:54.000+0000","3.0.11;4.0.0-M1"
"SYNCOPE-1875","2025-04-30T11:06:04.000+0000","2025-04-30T11:47:46.000+0000","3.0.11;4.0.0-M1"
"SYNCOPE-1873","2025-04-23T15:07:55.000+0000","2025-04-24T13:53:03.000+0000","3.0.11;4.0.0-M1;4.0.0;4.1.0-M0"
"SYNCOPE-1871","2025-04-01T10:47:41.000+0000","2025-04-01T15:44:15.000+0000","3.0.11;4.0.0-M1"
"SYNCOPE-1867","2025-03-06T09:40:43.000+0000","2025-03-06T15:07:45.000+0000","3.0.10;4.0.0-M0"
"SYNCOPE-1864","2025-02-06T09:11:21.000+0000","2025-02-17T06:13:51.000+0000","3.0.10;4.0.0-M0"
"SYNCOPE-1862","2025-02-04T16:55:58.000+0000","2025-02-05T18:16:54.000+0000","4.0.0-M0"
"SYNCOPE-1860","2025-02-01T08:36:54.000+0000","2025-02-01T13:36:10.000+0000","3.0.10;4.0.0-M0"
"SYNCOPE-1858","2025-01-28T08:27:43.000+0000","2025-01-29T15:00:39.000+0000","3.0.10"
"SYNCOPE-1857","2025-01-23T11:38:11.000+0000","2025-01-29T11:30:40.000+0000","4.0.0-M0"
"SYNCOPE-1856","2025-01-21T16:59:37.000+0000","2025-01-23T13:52:35.000+0000","3.0.10;4.0.0-M0"
"SYNCOPE-1851","2025-01-02T16:42:22.000+0000","2025-01-03T09:48:46.000+0000","3.0.10;4.0.0-M0"
"SYNCOPE-1850","2024-12-31T15:12:25.000+0000","2025-01-03T08:08:43.000+0000","4.0.0-M0"
"SYNCOPE-1849","2024-12-31T08:38:45.000+0000","2024-12-31T14:13:48.000+0000","3.0.10;4.0.0-M0"
"SYNCOPE-1848","2024-12-17T08:41:27.000+0000","2024-12-17T10:27:50.000+0000","3.0.9"
"SYNCOPE-1846","2024-12-02T13:51:48.000+0000","2024-12-10T07:16:11.000+0000","3.0.10"
"SYNCOPE-1840","2024-11-06T16:10:13.000+0000","2024-11-07T15:59:46.000+0000","3.0.9"
"SYNCOPE-1839","2024-11-05T09:39:44.000+0000","2024-11-05T09:43:11.000+0000","3.0.9"
"SYNCOPE-1838","2024-11-05T08:55:06.000+0000","2024-11-05T09:43:01.000+0000","3.0.9"
"SYNCOPE-1837","2024-11-04T11:30:52.000+0000","2024-11-06T13:21:36.000+0000","3.0.9"
"SYNCOPE-1833","2024-10-21T09:31:00.000+0000","2024-10-21T09:38:26.000+0000","3.0.9"
"SYNCOPE-1831","2024-10-18T06:58:47.000+0000","2024-10-18T14:15:22.000+0000","3.0.8"
"SYNCOPE-1828","2024-10-04T07:21:25.000+0000","2024-10-04T10:31:43.000+0000","3.0.8"
"SYNCOPE-1825","2024-08-02T09:35:40.000+0000","2024-08-02T10:41:12.000+0000","3.0.8"
"SYNCOPE-1820","2024-05-09T13:32:21.000+0000","2024-05-09T15:19:56.000+0000","3.0.6;3.0.7;4.0.0-M0"
"SYNCOPE-1817","2024-04-18T07:36:54.000+0000","2024-04-18T09:29:41.000+0000","3.0.6"
"SYNCOPE-1813","2024-04-08T11:11:48.000+0000","2024-04-12T09:58:29.000+0000","3.0.6"
"SYNCOPE-1812","2024-04-04T14:00:31.000+0000","2024-04-05T06:31:45.000+0000","3.0.6"
"SYNCOPE-1808","2024-02-29T16:11:28.000+0000","2024-03-01T07:59:59.000+0000","3.0.6"
"SYNCOPE-1806","2024-02-21T11:46:16.000+0000","2024-03-06T12:46:42.000+0000","2.1.13;3.0.6"
"SYNCOPE-1803","2024-02-16T14:03:32.000+0000","2024-02-19T10:49:29.000+0000","3.0.6"
"SYNCOPE-1800","2024-01-04T08:45:54.000+0000","2024-01-04T09:57:19.000+0000","3.0.6"
"SYNCOPE-1798","2023-12-27T11:17:02.000+0000","2023-12-27T11:38:51.000+0000","3.0.6"
"SYNCOPE-1794","2023-12-14T08:44:16.000+0000","2023-12-14T13:55:00.000+0000","3.0.5"
"SYNCOPE-1793","2023-12-07T15:46:17.000+0000","2023-12-09T14:24:46.000+0000","3.0.5"
"SYNCOPE-1792","2023-12-05T09:46:15.000+0000","2023-12-08T15:32:51.000+0000","3.0.5"
"SYNCOPE-1791","2023-11-27T15:28:51.000+0000","2023-12-12T16:22:44.000+0000","3.0.5"
"SYNCOPE-1790","2023-11-17T13:59:12.000+0000","2023-11-18T07:22:04.000+0000","3.0.5"
"SYNCOPE-1785","2023-10-28T05:04:24.000+0000","2023-10-28T05:36:12.000+0000","3.0.5"
"SYNCOPE-1778","2023-10-03T07:15:50.000+0000","2023-10-03T10:17:33.000+0000","3.0.5"
"SYNCOPE-1777","2023-09-28T11:22:48.000+0000","2023-09-28T14:58:44.000+0000","3.0.4"
"SYNCOPE-1774","2023-08-16T15:55:26.000+0000","2023-08-18T07:53:53.000+0000","3.0.4;4.0.0-M0"
"SYNCOPE-1770","2023-07-10T14:21:22.000+0000","2023-07-11T14:01:23.000+0000","3.0.4"
"SYNCOPE-1767","2023-06-21T13:55:59.000+0000","2023-06-22T10:49:35.000+0000","2.1.14;3.0.3"
"SYNCOPE-1766","2023-06-16T09:17:52.000+0000","2023-06-16T10:30:22.000+0000","2.1.14"
"SYNCOPE-1764","2023-06-08T14:32:42.000+0000","2023-09-06T03:42:12.000+0000","3.0.3"
"SYNCOPE-1763","2023-06-08T10:48:29.000+0000","2023-06-16T07:02:24.000+0000","3.0.4"
"SYNCOPE-1761","2023-05-30T14:01:17.000+0000","2023-05-31T14:39:57.000+0000","3.0.3"
"SYNCOPE-1757","2023-05-05T20:23:10.000+0000","2023-05-09T06:21:55.000+0000","2.1.14;3.0.3"
"SYNCOPE-1756","2023-05-05T09:55:54.000+0000","2023-05-05T10:26:30.000+0000","2.1.13"
"SYNCOPE-1755","2023-05-05T09:43:11.000+0000","2023-05-05T10:42:15.000+0000","3.0.3"
"SYNCOPE-1750","2023-04-06T13:56:18.000+0000","2023-04-12T04:47:34.000+0000","2.1.13;3.0.2"
"SYNCOPE-1749","2023-04-03T05:39:26.000+0000","2023-04-04T08:53:57.000+0000","2.1.13;3.0.2"
"SYNCOPE-1744","2023-03-16T15:05:08.000+0000","2026-04-21T08:37:19.000+0000","3.0.1"
"SYNCOPE-1742","2023-03-16T11:58:04.000+0000","2023-03-17T15:33:51.000+0000","3.0.2"
"SYNCOPE-1739","2023-03-08T11:29:27.000+0000","2023-03-08T16:02:36.000+0000","3.0.2"
"SYNCOPE-1737","2023-03-02T12:12:06.000+0000","2023-03-04T07:05:35.000+0000","3.0.2"
"SYNCOPE-1736","2023-02-28T11:29:45.000+0000","2023-03-04T07:05:40.000+0000","2.1.13;3.0.2"
"SYNCOPE-1735","2023-02-24T09:40:53.000+0000","2023-02-24T10:42:36.000+0000","3.0.2"
"SYNCOPE-1734","2023-02-23T16:13:40.000+0000","2023-02-24T09:12:19.000+0000","2.1.13;3.0.2"
"SYNCOPE-1731","2023-02-21T10:53:45.000+0000","2023-02-21T12:18:18.000+0000","2.1.13;3.0.2"
"SYNCOPE-1730","2023-02-13T07:58:25.000+0000","2023-02-13T10:44:10.000+0000","3.0.1"
"SYNCOPE-1727","2023-02-04T08:53:27.000+0000","2023-02-04T10:50:20.000+0000","2.1.13;3.0.1"
"SYNCOPE-1726","2023-01-25T07:12:00.000+0000","2023-02-01T14:46:53.000+0000","3.0.1"
"SYNCOPE-1725","2023-01-23T12:54:15.000+0000","2023-01-23T14:13:18.000+0000","3.0.1"
"SYNCOPE-1715","2022-12-16T09:35:40.000+0000","2022-12-16T09:42:07.000+0000","3.0.0"
"SYNCOPE-1712","2022-11-17T11:26:09.000+0000","2022-11-17T11:27:58.000+0000","3.0.0"
"SYNCOPE-1711","2022-11-16T15:09:01.000+0000","2022-11-17T10:35:38.000+0000","3.0.0"
"SYNCOPE-1707","2022-10-31T06:46:14.000+0000","2022-10-31T10:45:05.000+0000","3.0.0-M2;3.0.0-M1"
"SYNCOPE-1706","2022-10-28T14:54:52.000+0000","2022-10-29T05:14:44.000+0000","2.1.12;3.0.0-M1"
"SYNCOPE-1704","2022-10-26T13:49:02.000+0000","2022-10-26T15:20:03.000+0000","2.1.12;3.0.0-M1"
"SYNCOPE-1701","2022-10-18T14:39:49.000+0000","2022-10-18T15:05:10.000+0000","3.0.0-M0;3.0.0-M1"
"SYNCOPE-1693","2022-08-26T19:29:33.000+0000","2022-09-01T10:56:32.000+0000","2.1.12;3.0.0-M0"
"SYNCOPE-1691","2022-08-03T06:13:23.000+0000","2022-08-03T12:17:41.000+0000","2.1.11"
"SYNCOPE-1690","2022-07-14T10:28:47.000+0000","2022-07-14T10:36:29.000+0000","3.0.0-M0"
"SYNCOPE-1686","2022-06-28T15:05:16.000+0000","2024-12-02T13:09:12.000+0000","2.1.11;3.0.9"
"SYNCOPE-1684","2022-06-23T15:38:39.000+0000","2022-06-27T16:03:16.000+0000","3.0.0-M0"
"SYNCOPE-1683","2022-06-21T09:39:26.000+0000","2022-06-21T12:30:21.000+0000","2.1.11;3.0.0-M0"
"SYNCOPE-1677","2022-05-18T15:23:23.000+0000","2022-05-19T07:33:50.000+0000","3.0.0-M0"
"SYNCOPE-1676","2022-05-12T07:45:37.000+0000","2022-05-12T07:57:02.000+0000","3.0.0-M0"
"SYNCOPE-1672","2022-04-06T10:28:21.000+0000","2022-04-06T11:37:30.000+0000","3.0.0-M0"
"SYNCOPE-1671","2022-04-06T07:19:47.000+0000","2022-04-06T08:50:47.000+0000","2.1.11"
"SYNCOPE-1664","2022-02-24T09:32:40.000+0000","2022-02-25T08:51:58.000+0000","2.1.10;3.0.0-M0"
"SYNCOPE-1663","2022-02-05T11:16:34.000+0000","2022-02-05T16:02:37.000+0000","2.1.10"
"SYNCOPE-1660","2022-01-27T13:51:12.000+0000","2022-01-27T15:09:02.000+0000","2.1.10"
"SYNCOPE-1659","2022-01-20T16:03:18.000+0000","2022-03-10T07:32:52.000+0000","2.1.10"
"SYNCOPE-1657","2022-01-17T11:04:22.000+0000","2022-02-04T10:07:02.000+0000","2.1.10"
"SYNCOPE-1656","2022-01-12T16:25:20.000+0000","2022-03-17T13:06:38.000+0000","2.1.10"
"SYNCOPE-1654","2021-11-29T09:27:39.000+0000","2021-11-29T09:51:23.000+0000","2.1.10"
"SYNCOPE-1651","2021-11-24T09:46:16.000+0000","2021-11-24T10:04:37.000+0000","2.1.10"
"SYNCOPE-1650","2021-11-12T15:39:19.000+0000","2021-11-12T17:03:05.000+0000","2.1.10"
"SYNCOPE-1649","2021-11-10T13:42:36.000+0000","2021-11-10T13:56:40.000+0000","2.1.10"
"SYNCOPE-1648","2021-11-05T07:45:55.000+0000","2021-11-05T09:07:37.000+0000","2.1.10"
"SYNCOPE-1644","2021-09-28T10:19:40.000+0000","2021-09-28T10:59:58.000+0000","2.1.9"
"SYNCOPE-1643","2021-09-17T09:47:01.000+0000","2021-09-17T12:22:48.000+0000","2.1.9"
"SYNCOPE-1640","2021-08-12T10:39:00.000+0000","2021-08-14T18:45:12.000+0000","2.0.16;2.1.9"
"SYNCOPE-1635","2021-05-20T11:36:23.000+0000","2021-05-21T04:21:45.000+0000","2.1.6;2.1.9"
"SYNCOPE-1634","2021-05-18T13:15:32.000+0000","2021-05-18T15:57:49.000+0000","2.1.6;2.1.9"
"SYNCOPE-1629","2021-04-15T12:34:30.000+0000","2021-04-15T13:05:25.000+0000","2.1.9"
"SYNCOPE-1628","2021-04-14T08:28:06.000+0000","2021-04-14T09:49:27.000+0000","2.0.16;2.1.9"
"SYNCOPE-1627","2021-04-12T12:15:31.000+0000","2021-04-13T04:45:56.000+0000",""
"SYNCOPE-1626","2021-04-02T15:54:29.000+0000","2021-04-05T07:40:34.000+0000",""
"SYNCOPE-1623","2021-03-19T03:24:46.000+0000","2021-03-19T07:49:41.000+0000",""
"SYNCOPE-1622","2021-03-17T15:46:59.000+0000","2021-03-17T16:52:56.000+0000","2.0.16;2.1.8"
"SYNCOPE-1620","2021-03-04T07:56:56.000+0000","2021-03-04T09:02:51.000+0000","2.0.16;2.1.8"
"SYNCOPE-1619","2021-02-26T11:32:24.000+0000","2021-02-26T15:40:05.000+0000","2.1.8"
"SYNCOPE-1616","2021-02-05T11:34:47.000+0000","2021-02-05T11:44:03.000+0000","2.1.7;2.1.8"
"SYNCOPE-1613","2021-01-26T13:26:18.000+0000","2021-01-26T14:43:39.000+0000","2.1.3"
"SYNCOPE-1612","2021-01-25T15:02:39.000+0000","2021-02-16T08:31:11.000+0000","3.0.0-M0"
"SYNCOPE-1607","2021-01-08T15:04:15.000+0000","2021-01-08T15:21:52.000+0000","2.0.16;2.1.8"
"SYNCOPE-1606","2020-12-22T14:25:16.000+0000","2020-12-22T16:48:18.000+0000","2.1.8"
"SYNCOPE-1605","2020-12-01T11:27:47.000+0000","2020-12-02T08:25:49.000+0000","2.1.7;3.0.0-M0"
"SYNCOPE-1604","2020-11-24T16:35:21.000+0000","2020-11-25T15:37:34.000+0000","2.1.7"
"SYNCOPE-1603","2020-11-19T13:42:31.000+0000","2020-11-19T14:14:00.000+0000","2.1.7"
"SYNCOPE-1602","2020-11-18T15:53:34.000+0000","2020-11-18T16:33:19.000+0000","2.1.7"
"SYNCOPE-1601","2020-11-17T14:38:32.000+0000","2020-11-17T15:15:59.000+0000","2.1.7"
"SYNCOPE-1598","2020-11-05T09:52:35.000+0000","2020-11-05T11:18:10.000+0000","2.0.16;2.1.7"
"SYNCOPE-1596","2020-10-26T12:31:38.000+0000","2020-10-26T12:53:20.000+0000","2.1.7"
"SYNCOPE-1590","2020-09-14T13:50:16.000+0000","2020-09-14T14:03:02.000+0000","2.1.7"
"SYNCOPE-1586","2020-09-08T07:27:07.000+0000","2020-09-08T10:50:29.000+0000","2.1.6"
"SYNCOPE-1583","2020-07-21T20:31:44.000+0000","2020-07-22T08:09:14.000+0000","2.0.15;2.1.6"
"SYNCOPE-1581","2020-07-17T08:58:09.000+0000","2020-07-17T09:19:58.000+0000","2.1.6"
"SYNCOPE-1573","2020-06-30T10:41:20.000+0000","2020-06-30T11:11:42.000+0000","2.0.15;2.1.6"
"SYNCOPE-1569","2020-06-11T05:31:47.000+0000","2020-06-11T06:17:16.000+0000","2.1.6"
"SYNCOPE-1567","2020-05-19T20:12:25.000+0000","2020-05-20T08:59:34.000+0000","2.0.15;2.1.6"
"SYNCOPE-1565","2020-05-18T11:57:05.000+0000","2020-06-04T13:49:00.000+0000","2.0.15;2.1.6"
"SYNCOPE-1564","2020-05-18T11:55:35.000+0000","2020-05-19T13:25:30.000+0000","2.0.15;2.1.6"
"SYNCOPE-1563","2020-05-15T08:30:16.000+0000","2020-05-15T12:25:55.000+0000","2.1.6"
"SYNCOPE-1561","2020-05-13T07:42:40.000+0000","2020-05-13T07:45:50.000+0000","2.1.6"
"SYNCOPE-1560","2020-05-12T09:06:18.000+0000","2020-05-12T09:36:46.000+0000","2.0.15;2.1.6"
"SYNCOPE-1554","2020-04-17T07:08:29.000+0000","2020-04-23T09:24:07.000+0000","2.1.5"
"SYNCOPE-1549","2020-03-19T10:35:43.000+0000","2020-08-24T13:05:29.000+0000","2.0.14;2.1.5"
"SYNCOPE-1546","2020-03-06T12:26:00.000+0000","2020-03-06T16:55:47.000+0000","2.0.14;2.1.5"
"SYNCOPE-1544","2020-02-20T15:37:14.000+0000","2020-02-26T13:06:41.000+0000","2.1.5"
"SYNCOPE-1542","2020-02-13T10:55:33.000+0000","2020-03-17T17:11:42.000+0000","2.1.5"
"SYNCOPE-1539","2020-02-03T16:22:51.000+0000","2020-02-04T09:26:11.000+0000","2.0.14;2.1.5"
"SYNCOPE-1538","2020-01-31T15:03:04.000+0000","2020-02-20T13:17:10.000+0000","2.1.5"
"SYNCOPE-1537","2020-01-30T11:41:41.000+0000","2020-02-26T16:39:08.000+0000","2.1.5"
"SYNCOPE-1536","2020-01-28T09:21:01.000+0000","2020-01-28T09:33:41.000+0000","2.1.5"
"SYNCOPE-1533","2020-01-14T15:21:04.000+0000","2020-01-15T07:12:28.000+0000","2.1.5"
"SYNCOPE-1526","2019-12-12T03:04:31.000+0000","2019-12-12T07:33:24.000+0000","2.0.14;2.1.5"
"SYNCOPE-1525","2019-12-12T02:59:47.000+0000","2019-12-12T07:38:45.000+0000","2.0.14;2.1.5"
"SYNCOPE-1524","2019-12-11T16:19:35.000+0000","2019-12-12T08:30:24.000+0000","2.0.14;2.1.5"
"SYNCOPE-1520","2019-12-02T15:01:54.000+0000","2019-12-02T15:24:30.000+0000","2.1.5"
"SYNCOPE-1512","2019-11-18T16:25:27.000+0000","2019-11-23T14:58:11.000+0000","2.1.5"
"SYNCOPE-1505","2019-10-29T14:37:35.000+0000","2019-11-08T10:56:38.000+0000","2.0.14;2.1.5;3.0.0-M0"
"SYNCOPE-1504","2019-10-15T11:37:05.000+0000","2019-10-15T12:37:51.000+0000","2.1.5"
"SYNCOPE-1503","2019-10-10T10:07:09.000+0000","2019-10-17T12:55:37.000+0000","2.1.5"
"SYNCOPE-1493","2019-09-10T09:43:43.000+0000","2019-09-10T12:34:23.000+0000","2.0.13;2.1.4"
"SYNCOPE-1492","2019-09-09T18:08:14.000+0000","2019-09-10T14:35:39.000+0000",""
"SYNCOPE-1488","2019-09-09T14:10:21.000+0000","2019-09-10T12:56:59.000+0000","3.0.0-M0"
"SYNCOPE-1487","2019-09-09T13:31:15.000+0000","2019-09-10T12:57:04.000+0000","2.0.13;2.1.4;3.0.0-M0"
"SYNCOPE-1485","2019-09-04T10:58:21.000+0000","2019-09-04T12:35:39.000+0000","2.0.13;2.1.4"
"SYNCOPE-1484","2019-09-03T08:10:49.000+0000","2019-09-03T11:45:05.000+0000","3.0.0-M0"
"SYNCOPE-1483","2019-09-03T07:41:49.000+0000","2019-09-03T08:24:11.000+0000","3.0.0-M0"
"SYNCOPE-1481","2019-08-07T11:18:19.000+0000","2019-08-13T12:53:27.000+0000","2.0.13;2.1.4"
"SYNCOPE-1480","2019-07-25T10:58:39.000+0000","2019-09-11T15:15:10.000+0000","2.0.13;2.1.4"
"SYNCOPE-1478","2019-06-25T15:31:45.000+0000","2019-09-11T10:14:30.000+0000","2.1.4"
"SYNCOPE-1477","2019-06-05T13:24:22.000+0000","2019-06-05T13:57:49.000+0000","2.0.13;2.1.4"
"SYNCOPE-1476","2019-06-03T10:18:52.000+0000","2019-06-04T09:08:52.000+0000","2.0.13;2.1.4"
"SYNCOPE-1475","2019-05-29T15:52:04.000+0000","2019-05-30T15:41:30.000+0000","2.0.13"
"SYNCOPE-1474","2019-05-24T15:52:00.000+0000","2019-09-11T09:37:17.000+0000","2.1.4"
"SYNCOPE-1472","2019-05-17T14:23:18.000+0000","2019-05-21T15:13:38.000+0000","2.0.13;2.1.4"
"SYNCOPE-1470","2019-05-07T07:23:35.000+0000","2019-05-07T07:29:38.000+0000","2.1.4"
"SYNCOPE-1469","2019-05-07T06:41:08.000+0000","2019-05-07T06:42:55.000+0000","2.1.4"
"SYNCOPE-1467","2019-05-03T14:59:25.000+0000","2019-05-07T13:05:00.000+0000","2.0.13;2.1.4"
"SYNCOPE-1462","2019-04-29T12:34:49.000+0000","2019-06-06T10:21:20.000+0000","2.1.4"
"SYNCOPE-1461","2019-04-16T09:28:51.000+0000","2019-10-23T12:52:59.000+0000","2.1.4"
"SYNCOPE-1457","2019-04-05T13:20:50.000+0000","2019-04-08T10:15:11.000+0000","2.0.12;2.1.3"
"SYNCOPE-1454","2019-04-02T10:14:53.000+0000","2019-04-02T10:26:30.000+0000","2.0.12;2.1.3"
"SYNCOPE-1453","2019-03-27T11:23:59.000+0000","2019-03-27T16:39:24.000+0000","2.0.12;2.1.3"
"SYNCOPE-1452","2019-03-25T12:03:57.000+0000","2019-03-26T13:31:38.000+0000","2.0.12;2.1.3"
"SYNCOPE-1450","2019-03-12T12:44:06.000+0000","2019-03-12T13:18:50.000+0000","2.0.12;2.1.3"
"SYNCOPE-1448","2019-03-11T20:11:49.000+0000","2019-03-25T13:45:34.000+0000","2.1.3"
"SYNCOPE-1447","2019-03-11T10:20:19.000+0000","2019-03-11T14:56:40.000+0000","2.1.3"
"SYNCOPE-1446","2019-03-08T16:17:38.000+0000","2019-03-12T11:59:00.000+0000","2.1.3"
"SYNCOPE-1443","2019-02-28T15:10:46.000+0000","2019-03-04T12:01:02.000+0000","2.0.12;2.1.3"
"SYNCOPE-1442","2019-02-26T09:37:50.000+0000","2019-03-04T07:59:54.000+0000","2.0.12;2.1.3"
"SYNCOPE-1440","2019-02-21T09:59:56.000+0000","2019-03-04T10:55:51.000+0000","2.0.12;2.1.3"
"SYNCOPE-1439","2019-02-20T12:05:15.000+0000","2019-03-07T11:12:22.000+0000","2.0.12;2.1.3"
"SYNCOPE-1438","2019-02-20T10:34:24.000+0000","2019-02-20T10:52:12.000+0000","2.0.12;2.1.3"
"SYNCOPE-1437","2019-02-19T16:44:43.000+0000","2019-02-20T10:42:46.000+0000","2.1.3"
"SYNCOPE-1432","2019-02-05T08:11:57.000+0000","2019-03-04T10:49:41.000+0000","2.1.3"
"SYNCOPE-1431","2019-02-05T08:08:05.000+0000","2019-02-05T16:28:40.000+0000","2.1.3"
"SYNCOPE-1430","2019-01-28T14:26:39.000+0000","2019-01-29T17:01:09.000+0000","2.0.12;2.1.3"
"SYNCOPE-1429","2019-01-25T16:40:18.000+0000","2019-01-30T15:31:17.000+0000","2.0.12;2.1.3"
"SYNCOPE-1428","2019-01-25T14:39:09.000+0000","2019-01-25T15:26:07.000+0000","2.0.12;2.1.3"
"SYNCOPE-1425","2019-01-17T14:07:17.000+0000","2019-01-17T14:22:39.000+0000","2.0.11;2.1.2"
"SYNCOPE-1420","2018-12-21T10:09:28.000+0000","2018-12-21T11:03:33.000+0000","2.0.11;2.1.2"
"SYNCOPE-1419","2018-12-20T13:42:03.000+0000","2018-12-20T23:22:15.000+0000","2.0.11;2.1.2"
"SYNCOPE-1417","2018-12-13T16:08:51.000+0000","2018-12-14T11:37:31.000+0000","2.0.11;2.1.2"
"SYNCOPE-1411","2018-12-10T11:45:54.000+0000","2018-12-10T15:44:02.000+0000","2.0.11;2.1.2"
"SYNCOPE-1408","2018-12-05T09:14:04.000+0000","2018-12-05T12:26:26.000+0000","2.0.11;2.1.2"
"SYNCOPE-1407","2018-12-04T15:35:38.000+0000","2018-12-04T15:58:19.000+0000","2.0.11;2.1.2"
"SYNCOPE-1406","2018-12-03T11:56:44.000+0000","2018-12-03T12:01:55.000+0000","2.1.2"
"SYNCOPE-1405","2018-12-03T11:52:25.000+0000","2018-12-03T12:02:10.000+0000","2.0.11;2.1.2"
"SYNCOPE-1404","2018-11-28T08:53:06.000+0000","2018-11-28T09:21:22.000+0000",""
"SYNCOPE-1399","2018-11-20T11:30:29.000+0000","2018-11-20T17:10:30.000+0000",""
"SYNCOPE-1398","2018-11-19T15:17:58.000+0000","2018-11-20T08:24:28.000+0000","2.0.11"
"SYNCOPE-1393","2018-11-05T11:05:27.000+0000","2018-11-05T13:56:14.000+0000","2.0.10;2.1.1"
"SYNCOPE-1391","2018-11-02T12:09:33.000+0000","2018-11-12T16:06:35.000+0000","2.0.11;2.1.2"
"SYNCOPE-1390","2018-11-01T09:21:48.000+0000","2018-11-02T10:05:02.000+0000","2.0.10;2.1.1"
"SYNCOPE-1389","2018-10-24T10:47:19.000+0000","2018-10-24T15:06:10.000+0000","2.0.10;2.1.1"
"SYNCOPE-1388","2018-10-23T08:35:18.000+0000","2018-10-30T17:03:29.000+0000","2.0.8;2.1.1"
"SYNCOPE-1387","2018-10-23T08:16:41.000+0000","2018-10-23T12:27:52.000+0000","2.0.8"
"SYNCOPE-1383","2018-10-11T07:17:02.000+0000","2018-10-11T08:40:46.000+0000","2.0.10;2.1.1"
"SYNCOPE-1380","2018-10-10T06:18:44.000+0000","2018-10-10T07:02:49.000+0000","2.0.10;2.1.1"
"SYNCOPE-1377","2018-10-01T12:19:25.000+0000","2018-10-01T15:05:38.000+0000","2.0.10;2.1.1"
"SYNCOPE-1376","2018-09-27T16:47:59.000+0000","2018-10-05T15:02:47.000+0000","2.0.10;2.1.1"
"SYNCOPE-1375","2018-09-26T07:53:45.000+0000","2018-09-26T10:14:35.000+0000","2.0.10;2.1.1"
"SYNCOPE-1374","2018-09-20T07:55:21.000+0000","2018-09-20T08:27:24.000+0000","2.0.10;2.1.1"
"SYNCOPE-1373","2018-09-17T13:42:36.000+0000","2018-09-20T11:05:25.000+0000","2.1.0;2.1.1"
"SYNCOPE-1372","2018-09-17T10:02:53.000+0000","2018-09-17T10:12:21.000+0000","2.0.10;2.1.1"
"SYNCOPE-1371","2018-09-13T11:17:12.000+0000","2018-09-13T11:19:58.000+0000","2.1.1"
"SYNCOPE-1370","2018-09-12T15:40:05.000+0000","2018-09-12T15:43:31.000+0000","2.0.10;2.1.1"
"SYNCOPE-1366","2018-09-05T13:28:05.000+0000","2018-09-05T13:53:08.000+0000","2.0.10;2.1.1"
"SYNCOPE-1365","2018-09-05T12:45:22.000+0000","2018-09-05T13:23:56.000+0000","2.1.1"
"SYNCOPE-1364","2018-09-05T10:54:40.000+0000","2018-09-05T11:29:32.000+0000","2.1.1"
"SYNCOPE-1363","2018-09-05T07:32:51.000+0000","2018-09-05T07:33:42.000+0000","2.1.1"
"SYNCOPE-1362","2018-09-05T06:36:15.000+0000","2018-09-05T06:37:16.000+0000","2.1.1"
"SYNCOPE-1361","2018-09-04T09:39:19.000+0000","2018-09-05T14:18:10.000+0000","2.0.10;2.1.1"
"SYNCOPE-1360","2018-09-03T15:22:07.000+0000","2018-09-03T15:36:56.000+0000","2.0.10;2.1.1"
"SYNCOPE-1358","2018-08-16T13:00:02.000+0000","2018-08-16T13:12:03.000+0000","2.0.9;2.1.0"
"SYNCOPE-1357","2018-08-16T10:31:16.000+0000","2018-08-16T12:16:19.000+0000","2.0.9;2.1.0"
"SYNCOPE-1356","2018-08-16T10:04:03.000+0000","2018-08-16T12:16:31.000+0000","2.0.9;2.1.0"
"SYNCOPE-1354","2018-08-13T13:08:59.000+0000","2018-08-13T13:36:26.000+0000","2.0.9;2.1.0"
"SYNCOPE-1353","2018-08-11T06:22:37.000+0000","2018-08-11T11:37:28.000+0000","2.0.9;2.1.0"
"SYNCOPE-1352","2018-08-10T13:39:54.000+0000","2018-08-10T13:59:31.000+0000","2.0.9;2.1.0"
"SYNCOPE-1350","2018-08-09T10:11:29.000+0000","2018-08-09T10:13:10.000+0000","2.0.9;2.1.0"
"SYNCOPE-1347","2018-07-31T15:15:40.000+0000","2018-07-31T15:17:30.000+0000","2.0.9;2.1.0"
"SYNCOPE-1346","2018-07-26T15:19:08.000+0000","2018-07-27T07:41:02.000+0000","2.0.9;2.1.0"
"SYNCOPE-1344","2018-07-24T15:47:02.000+0000","2018-07-24T16:00:27.000+0000","2.0.10;2.1.1"
"SYNCOPE-1343","2018-07-24T11:05:56.000+0000","2018-07-26T07:08:41.000+0000","2.0.9;2.1.0"
"SYNCOPE-1342","2018-07-22T18:59:41.000+0000","2018-07-23T08:21:26.000+0000","2.1.0"
"SYNCOPE-1340","2018-07-20T15:19:27.000+0000","2018-07-21T16:21:02.000+0000","2.0.9;2.1.0"
"SYNCOPE-1339","2018-07-16T14:45:31.000+0000","2018-08-08T15:37:30.000+0000","2.0.9;2.1.0"
"SYNCOPE-1338","2018-07-16T09:46:46.000+0000","2018-07-16T09:49:32.000+0000","2.0.9;2.1.0"
"SYNCOPE-1337","2018-07-13T08:29:52.000+0000","2018-07-13T14:58:56.000+0000","2.0.9;2.1.0"
"SYNCOPE-1335","2018-07-11T10:14:29.000+0000","2018-07-11T10:16:13.000+0000","2.1.0"
"SYNCOPE-1334","2018-07-10T09:31:29.000+0000","2018-07-10T15:39:20.000+0000","2.1.0"
"SYNCOPE-1333","2018-07-09T15:10:03.000+0000","2018-07-10T08:52:45.000+0000","2.0.9;2.1.0"
"SYNCOPE-1331","2018-07-06T13:14:27.000+0000","2018-07-06T13:32:39.000+0000","2.1.0"
"SYNCOPE-1330","2018-07-02T09:14:48.000+0000","2018-07-02T09:48:27.000+0000",""
"SYNCOPE-1326","2018-06-22T13:54:03.000+0000","2018-06-22T15:23:20.000+0000","2.0.8;2.1.0"
"SYNCOPE-1321","2018-06-11T12:31:19.000+0000","2018-06-20T12:59:42.000+0000","2.0.8"
"SYNCOPE-1320","2018-06-01T14:23:56.000+0000","2018-06-01T15:25:02.000+0000","2.0.8"
"SYNCOPE-1319","2018-05-29T12:43:26.000+0000","2018-05-29T12:49:31.000+0000","2.0.8"
"SYNCOPE-1318","2018-05-29T09:45:15.000+0000","2018-05-29T10:20:20.000+0000","2.0.8"
"SYNCOPE-1317","2018-05-27T08:46:38.000+0000","2018-05-28T06:53:44.000+0000","2.0.8"
"SYNCOPE-1315","2018-05-22T07:41:25.000+0000","2018-05-28T13:17:40.000+0000","2.0.8"
"SYNCOPE-1314","2018-05-22T07:37:11.000+0000","2018-05-24T10:28:23.000+0000","2.0.8"
"SYNCOPE-1312","2018-05-15T15:30:30.000+0000","2018-05-28T11:09:44.000+0000","2.0.8"
"SYNCOPE-1309","2018-05-11T06:27:26.000+0000","2018-05-29T09:41:59.000+0000","2.0.8"
"SYNCOPE-1308","2018-05-03T15:00:09.000+0000","2018-05-07T15:24:55.000+0000","2.0.8"
"SYNCOPE-1307","2018-04-26T07:00:36.000+0000","2018-04-26T12:13:42.000+0000","2.0.8"
"SYNCOPE-1306","2018-04-24T14:08:43.000+0000","2018-04-26T11:31:44.000+0000","2.0.8"
"SYNCOPE-1304","2018-04-23T13:21:50.000+0000","2018-04-23T14:29:47.000+0000","2.0.8"
"SYNCOPE-1303","2018-04-23T09:35:02.000+0000","2018-04-23T10:13:14.000+0000",""
"SYNCOPE-1301","2018-04-12T06:17:13.000+0000","2018-04-13T07:50:41.000+0000","2.0.8"
"SYNCOPE-1298","2018-04-10T12:07:48.000+0000","2018-04-10T14:17:17.000+0000","2.0.8"
"SYNCOPE-1297","2018-04-09T09:24:30.000+0000","2018-06-08T14:25:22.000+0000","2.0.8"
"SYNCOPE-1296","2018-04-06T18:36:47.000+0000","2018-04-09T06:31:56.000+0000",""
"SYNCOPE-1294","2018-04-04T15:26:09.000+0000","2018-04-04T15:50:07.000+0000","2.0.8;2.1.0"
"SYNCOPE-1293","2018-04-04T12:05:52.000+0000","2018-04-05T08:17:51.000+0000","1.2.11;2.0.8"
"SYNCOPE-1291","2018-04-03T09:15:50.000+0000","2018-04-03T09:50:37.000+0000","2.0.8"
"SYNCOPE-1290","2018-04-02T15:54:52.000+0000","2018-04-03T08:45:00.000+0000","2.0.8"
"SYNCOPE-1288","2018-03-29T13:41:27.000+0000","2018-04-05T14:40:01.000+0000",""
"SYNCOPE-1285","2018-03-22T08:24:33.000+0000","2018-03-22T10:45:33.000+0000","2.0.8"
"SYNCOPE-1282","2018-03-15T13:15:56.000+0000","2018-03-15T14:07:29.000+0000","2.0.8"
"SYNCOPE-1276","2018-02-13T14:28:25.000+0000","2018-02-20T11:55:16.000+0000","2.0.7"
"SYNCOPE-1275","2018-02-12T16:56:56.000+0000","2018-02-21T12:00:34.000+0000","2.0.7"
"SYNCOPE-1272","2018-02-09T14:40:22.000+0000","2018-02-12T10:41:18.000+0000","2.0.7"
"SYNCOPE-1269","2018-02-06T10:18:30.000+0000","2018-02-22T16:50:59.000+0000","2.0.7"
"SYNCOPE-1266","2018-01-30T11:04:25.000+0000","2018-01-30T15:53:47.000+0000","2.0.7"
"SYNCOPE-1265","2018-01-29T11:53:47.000+0000","2018-01-29T15:43:48.000+0000","2.0.7"
"SYNCOPE-1263","2018-01-22T10:19:53.000+0000","2018-01-22T10:37:24.000+0000","2.0.7"
"SYNCOPE-1261","2018-01-04T06:42:32.000+0000","2018-01-04T07:16:57.000+0000","2.0.7"
"SYNCOPE-1257","2017-12-28T09:24:29.000+0000","2017-12-28T13:19:53.000+0000","2.0.7"
"SYNCOPE-1254","2017-12-20T07:51:17.000+0000","2018-04-04T07:19:41.000+0000","2.1.0"
"SYNCOPE-1253","2017-12-18T10:44:09.000+0000","2017-12-18T10:45:20.000+0000","2.0.6"
"SYNCOPE-1252","2017-12-18T10:39:08.000+0000","2017-12-18T19:36:06.000+0000","2.0.6"
"SYNCOPE-1251","2017-12-14T12:07:37.000+0000","2017-12-14T13:40:12.000+0000","2.0.6"
"SYNCOPE-1250","2017-12-13T08:44:17.000+0000","2017-12-13T10:12:23.000+0000","2.0.6"
"SYNCOPE-1248","2017-12-11T23:43:14.000+0000","2017-12-12T00:22:57.000+0000","2.0.6"
"SYNCOPE-1247","2017-12-07T10:10:22.000+0000","2017-12-15T14:04:10.000+0000","2.0.6"
"SYNCOPE-1246","2017-12-07T10:02:57.000+0000","2017-12-14T15:58:02.000+0000","2.0.6"
"SYNCOPE-1244","2017-12-03T20:20:11.000+0000","2017-12-06T11:25:35.000+0000","2.0.2"
"SYNCOPE-1241","2017-12-01T10:43:47.000+0000","2017-12-01T13:57:04.000+0000","2.0.6"
"SYNCOPE-1239","2017-11-25T10:49:10.000+0000","2017-11-25T10:53:55.000+0000","2.0.6"
"SYNCOPE-1236","2017-11-15T14:48:04.000+0000","2017-11-17T10:43:21.000+0000","2.0.6"
"SYNCOPE-1235","2017-11-15T08:20:04.000+0000","2017-11-15T11:09:10.000+0000","2.0.6"
"SYNCOPE-1233","2017-11-09T08:41:19.000+0000","2017-11-10T16:23:33.000+0000","2.0.6;2.0.7"
"SYNCOPE-1232","2017-11-02T13:13:45.000+0000","2017-11-02T14:37:14.000+0000","2.0.6"
"SYNCOPE-1231","2017-10-31T08:56:57.000+0000","2017-11-15T16:03:52.000+0000","2.0.6"
"SYNCOPE-1230","2017-10-31T08:51:31.000+0000","2017-11-15T14:06:14.000+0000","2.0.6"
"SYNCOPE-1229","2017-10-31T08:46:30.000+0000","2017-11-15T09:49:44.000+0000","2.0.6"
"SYNCOPE-1227","2017-10-27T09:58:23.000+0000","2017-11-13T11:46:40.000+0000","2.0.6"
"SYNCOPE-1226","2017-10-24T14:06:26.000+0000","2017-11-27T11:17:18.000+0000","2.0.6"
"SYNCOPE-1224","2017-10-16T08:28:56.000+0000","2017-10-16T08:41:52.000+0000","2.0.6"
"SYNCOPE-1223","2017-10-12T09:21:26.000+0000","2017-10-12T12:35:20.000+0000","2.0.6"
"SYNCOPE-1222","2017-10-11T10:09:49.000+0000","2017-10-11T12:23:34.000+0000","2.0.6"
"SYNCOPE-1221","2017-10-11T08:36:57.000+0000","2017-10-11T12:52:18.000+0000","2.0.6"
"SYNCOPE-1217","2017-10-04T10:47:48.000+0000","2017-10-04T12:08:59.000+0000","2.0.5"
"SYNCOPE-1216","2017-10-02T08:45:57.000+0000","2017-10-02T08:54:59.000+0000",""
"SYNCOPE-1215","2017-09-27T13:55:11.000+0000","2017-09-28T09:42:09.000+0000","2.0.5"
"SYNCOPE-1214","2017-09-27T12:34:09.000+0000","2017-09-27T13:06:18.000+0000","2.0.5"
"SYNCOPE-1213","2017-09-26T17:54:40.000+0000","2017-10-03T06:51:33.000+0000","2.0.5"
"SYNCOPE-1211","2017-09-20T13:34:41.000+0000","2017-09-22T04:29:44.000+0000","2.0.0;2.0.5"
"SYNCOPE-1210","2017-09-20T10:34:34.000+0000","2017-09-20T11:12:48.000+0000","1.2.10;2.0.5"
"SYNCOPE-1207","2017-09-12T14:15:24.000+0000","2017-09-14T16:23:38.000+0000","2.0.5"
"SYNCOPE-1206","2017-09-08T08:29:49.000+0000","2017-09-08T13:42:17.000+0000","2.0.5"
"SYNCOPE-1205","2017-09-08T07:55:40.000+0000","2017-09-29T12:44:20.000+0000","2.0.5"
"SYNCOPE-1203","2017-09-04T15:50:19.000+0000","2017-09-05T08:04:51.000+0000","2.0.5"
"SYNCOPE-1199","2017-08-17T12:45:22.000+0000","2017-09-04T15:49:19.000+0000","2.0.2;2.0.4"
"SYNCOPE-1193","2017-08-10T13:23:40.000+0000","2017-08-11T14:07:51.000+0000","2.0.4"
"SYNCOPE-1190","2017-08-07T13:58:38.000+0000","2017-08-17T14:53:52.000+0000","2.0.4"
"SYNCOPE-1189","2017-08-07T13:57:08.000+0000","2017-08-08T10:43:15.000+0000","2.0.4"
"SYNCOPE-1188","2017-08-07T13:49:15.000+0000","2017-08-08T10:41:09.000+0000","2.0.4"
"SYNCOPE-1184","2017-08-02T16:04:11.000+0000","2017-08-03T06:28:08.000+0000","2.0.4"
"SYNCOPE-1180","2017-07-28T13:09:53.000+0000","2017-07-31T14:51:35.000+0000","2.0.4"
"SYNCOPE-1179","2017-07-28T11:58:56.000+0000","2017-07-28T13:50:38.000+0000","2.0.4"
"SYNCOPE-1178","2017-07-28T11:13:07.000+0000","2017-08-02T07:33:02.000+0000",""
"SYNCOPE-1175","2017-07-27T15:54:09.000+0000","2017-07-28T11:23:55.000+0000","2.0.4"
"SYNCOPE-1174","2017-07-27T15:47:26.000+0000","2017-07-27T15:48:16.000+0000","2.0.4"
"SYNCOPE-1170","2017-07-20T09:48:02.000+0000","2017-07-31T15:45:04.000+0000",""
"SYNCOPE-1169","2017-07-19T15:51:42.000+0000","2017-07-20T14:31:43.000+0000","2.0.4"
"SYNCOPE-1168","2017-07-18T10:02:10.000+0000","2017-07-18T12:27:25.000+0000",""
"SYNCOPE-1166","2017-07-17T11:10:57.000+0000","2017-07-28T16:03:32.000+0000","2.0.4"
"SYNCOPE-1163","2017-07-14T06:59:45.000+0000","2017-07-14T07:08:02.000+0000","2.0.4"
"SYNCOPE-1162","2017-07-13T10:30:54.000+0000","2017-07-13T14:24:33.000+0000","2.0.4"
"SYNCOPE-1158","2017-07-12T08:49:03.000+0000","2017-07-12T13:43:17.000+0000","2.0.4"
"SYNCOPE-1151","2017-07-10T15:10:02.000+0000","2017-07-13T13:24:50.000+0000","2.0.4"
"SYNCOPE-1150","2017-07-10T13:38:39.000+0000","2017-07-11T08:04:19.000+0000","2.0.4"
"SYNCOPE-1149","2017-07-05T08:16:59.000+0000","2017-07-05T10:20:49.000+0000","2.0.4"
"SYNCOPE-1141","2017-07-04T07:47:24.000+0000","2017-07-04T07:52:12.000+0000","2.0.4"
"SYNCOPE-1140","2017-07-03T14:37:37.000+0000","2017-07-11T14:14:58.000+0000","2.0.4"
"SYNCOPE-1139","2017-07-03T12:38:20.000+0000","2017-07-04T12:04:59.000+0000","2.0.4"
"SYNCOPE-1135","2017-06-28T12:47:04.000+0000","2017-06-29T15:27:52.000+0000","2.0.3"
"SYNCOPE-1134","2017-06-28T12:39:50.000+0000","2017-06-29T13:59:33.000+0000","2.0.3"
"SYNCOPE-1133","2017-06-28T09:22:36.000+0000","2017-06-28T14:29:34.000+0000","2.0.3"
"SYNCOPE-1131","2017-06-27T15:08:33.000+0000","2017-06-27T15:16:59.000+0000","2.0.3"
"SYNCOPE-1130","2017-06-27T14:16:04.000+0000","2017-06-27T15:47:43.000+0000","2.0.3"
"SYNCOPE-1128","2017-06-27T14:09:17.000+0000","2017-06-27T14:31:19.000+0000","1.1.8;1.2.10;2.0.3"
"SYNCOPE-1127","2017-06-27T12:40:19.000+0000","2017-06-28T14:43:42.000+0000","2.0.3"
"SYNCOPE-1125","2017-06-26T15:42:03.000+0000","2017-06-28T09:22:56.000+0000","2.0.3"
"SYNCOPE-1123","2017-06-23T16:05:08.000+0000","2017-06-27T14:08:51.000+0000","2.0.3"
"SYNCOPE-1122","2017-06-23T13:18:43.000+0000","2017-06-27T16:06:05.000+0000","2.0.3"
"SYNCOPE-1121","2017-06-23T13:12:59.000+0000","2017-06-26T15:00:56.000+0000","2.0.3"
"SYNCOPE-1114","2017-06-21T17:44:25.000+0000","2017-06-22T05:09:32.000+0000","2.0.3"
"SYNCOPE-1112","2017-06-19T13:53:58.000+0000","2017-06-19T13:56:37.000+0000","2.0.3"
"SYNCOPE-1111","2017-06-16T14:32:15.000+0000","2017-06-30T09:26:54.000+0000","2.0.3"
"SYNCOPE-1110","2017-06-15T15:49:15.000+0000","2017-06-29T08:56:08.000+0000","2.0.3"
"SYNCOPE-1109","2017-06-13T13:26:05.000+0000","2017-06-13T13:36:59.000+0000","2.0.3"
"SYNCOPE-1108","2017-06-13T07:54:29.000+0000","2017-06-13T14:02:31.000+0000","2.0.3;2.0.4"
"SYNCOPE-1107","2017-06-12T15:15:58.000+0000","2017-06-12T15:17:02.000+0000","2.0.3"
"SYNCOPE-1104","2017-06-06T09:48:39.000+0000","2017-06-12T15:51:35.000+0000","2.0.3"
"SYNCOPE-1102","2017-05-31T12:51:32.000+0000","2017-06-06T11:01:10.000+0000","1.1.5;1.1.6;1.1.7;1.1.8;1.2.10"
"SYNCOPE-1101","2017-05-31T09:18:21.000+0000","2017-06-01T09:53:48.000+0000","2.0.4"
"SYNCOPE-1099","2017-05-26T11:45:25.000+0000","2017-05-26T12:38:53.000+0000","2.0.3"
"SYNCOPE-1098","2017-05-25T12:05:14.000+0000","2017-05-25T12:47:09.000+0000","2.0.3"
"SYNCOPE-1094","2017-05-24T13:09:21.000+0000","2017-05-24T14:56:24.000+0000","2.0.3"
"SYNCOPE-1091","2017-05-24T09:29:28.000+0000","2017-05-24T13:42:17.000+0000","2.0.3"
"SYNCOPE-1090","2017-05-24T08:44:34.000+0000","2017-05-24T09:16:45.000+0000","2.0.3"
"SYNCOPE-1089","2017-05-22T15:42:16.000+0000","2017-05-22T17:36:48.000+0000","2.0.3"
"SYNCOPE-1085","2017-05-19T12:36:23.000+0000","2017-05-19T13:11:49.000+0000","2.0.3"
"SYNCOPE-1082","2017-05-16T08:37:04.000+0000","2017-05-16T13:40:21.000+0000","2.0.3"
"SYNCOPE-1081","2017-05-12T09:07:51.000+0000","2017-05-23T09:51:18.000+0000","2.0.4"
"SYNCOPE-1079","2017-05-09T16:47:52.000+0000","2017-05-09T16:49:33.000+0000","2.0.3"
"SYNCOPE-1078","2017-05-09T10:52:35.000+0000","2017-05-09T13:17:20.000+0000","2.0.4"
"SYNCOPE-1076","2017-05-08T08:03:28.000+0000","2017-05-08T14:06:56.000+0000","2.0.3"
"SYNCOPE-1075","2017-05-05T13:42:35.000+0000","2017-05-08T12:47:53.000+0000","2.0.3"
"SYNCOPE-1071","2017-04-26T10:53:36.000+0000","2017-04-26T12:15:58.000+0000","2.0.3"
"SYNCOPE-1070","2017-04-21T11:01:46.000+0000","2017-04-21T11:04:54.000+0000","1.2.10;2.0.3"
"SYNCOPE-1069","2017-04-20T12:57:59.000+0000","2017-04-20T14:45:56.000+0000",""
"SYNCOPE-1066","2017-04-14T08:34:38.000+0000","2017-04-18T08:44:29.000+0000","2.0.2"
"SYNCOPE-1062","2017-04-06T10:10:00.000+0000","2017-04-06T12:32:33.000+0000","2.0.2"
"SYNCOPE-1060","2017-04-05T16:46:14.000+0000","2017-04-10T07:07:53.000+0000","2.0.2"
"SYNCOPE-1057","2017-04-04T13:48:44.000+0000","2017-04-05T10:42:38.000+0000","2.0.3"
"SYNCOPE-1052","2017-03-30T15:17:37.000+0000","2017-04-03T12:19:20.000+0000",""
"SYNCOPE-1051","2017-03-28T07:08:53.000+0000","2017-03-28T07:31:33.000+0000","2.0.2"
"SYNCOPE-1049","2017-03-21T11:57:28.000+0000","2017-03-21T13:49:05.000+0000","2.0.2"
"SYNCOPE-1048","2017-03-17T15:31:52.000+0000","2017-03-17T16:01:25.000+0000","2.0.2"
"SYNCOPE-1046","2017-03-14T11:21:11.000+0000","2017-03-14T11:22:34.000+0000","2.0.2"
"SYNCOPE-1045","2017-03-14T08:19:18.000+0000","2017-03-14T08:21:05.000+0000","2.0.3;2.1.0"
"SYNCOPE-1044","2017-03-13T15:03:21.000+0000","2017-03-13T15:50:33.000+0000","2.0.2"
"SYNCOPE-1043","2017-03-07T14:22:09.000+0000","2017-03-10T12:51:48.000+0000","2.0.2"
"SYNCOPE-1042","2017-03-07T12:04:29.000+0000","2017-03-07T15:42:13.000+0000","2.0.2"
"SYNCOPE-1040","2017-03-01T11:24:18.000+0000","2017-03-01T11:25:36.000+0000","2.0.2"
"SYNCOPE-1039","2017-03-01T09:27:00.000+0000","2017-03-07T11:17:11.000+0000","2.0.2"
"SYNCOPE-1038","2017-03-01T09:20:08.000+0000","2017-03-07T15:57:44.000+0000","2.0.2"
"SYNCOPE-1037","2017-03-01T09:09:06.000+0000","2017-03-03T13:01:43.000+0000","2.0.2"
"SYNCOPE-1036","2017-03-01T09:06:09.000+0000","2017-03-03T13:01:29.000+0000","2.0.2"
"SYNCOPE-1034","2017-02-28T08:32:06.000+0000","2017-03-07T14:11:11.000+0000","2.0.2"
"SYNCOPE-1033","2017-02-24T09:46:32.000+0000","2017-02-24T10:25:24.000+0000","2.0.2"
"SYNCOPE-1032","2017-02-24T09:26:46.000+0000","2017-02-27T15:24:29.000+0000","2.0.2"
"SYNCOPE-1030","2017-02-24T09:20:53.000+0000","2017-02-27T14:47:53.000+0000","2.0.2"
"SYNCOPE-1027","2017-02-24T08:43:47.000+0000","2017-02-28T11:46:25.000+0000","2.0.2"
"SYNCOPE-1026","2017-02-24T08:27:42.000+0000","2017-02-27T16:48:15.000+0000","2.0.2"
"SYNCOPE-1025","2017-02-23T16:05:23.000+0000","2017-02-23T16:06:53.000+0000","2.0.2"
"SYNCOPE-1024","2017-02-23T09:20:32.000+0000","2017-03-01T09:29:52.000+0000","2.0.2"
"SYNCOPE-1023","2017-02-22T16:06:22.000+0000","2017-02-22T18:02:13.000+0000","2.0.2"
"SYNCOPE-1022","2017-02-22T06:57:46.000+0000","2017-03-07T15:03:54.000+0000","2.0.2"
"SYNCOPE-1016","2017-02-15T17:58:38.000+0000","2017-02-15T18:05:45.000+0000","2.0.2"
"SYNCOPE-1014","2017-02-12T13:24:23.000+0000","2017-02-12T13:26:49.000+0000","2.0.2"
"SYNCOPE-1013","2017-02-12T13:01:24.000+0000","2017-02-12T13:03:03.000+0000","2.0.2"
"SYNCOPE-1012","2017-02-12T07:53:29.000+0000","2017-02-12T08:06:53.000+0000","2.0.2"
"SYNCOPE-1010","2017-02-12T06:51:38.000+0000","2017-02-12T06:54:19.000+0000","2.0.2"
"SYNCOPE-1008","2017-02-07T13:14:47.000+0000","2017-03-14T11:37:54.000+0000","2.0.2"
"SYNCOPE-1007","2017-02-02T17:11:27.000+0000","2017-02-03T16:33:14.000+0000","2.0.2"
"SYNCOPE-1004","2017-01-31T16:10:06.000+0000","2017-02-01T07:18:41.000+0000","2.0.2"
"SYNCOPE-1003","2017-01-31T15:55:17.000+0000","2017-02-01T07:18:07.000+0000","2.0.2"
"SYNCOPE-1002","2017-01-25T16:58:38.000+0000","2017-01-25T17:21:38.000+0000","2.0.1"
"SYNCOPE-1001","2017-01-24T10:07:48.000+0000","2017-01-24T10:09:10.000+0000","2.0.1"
"SYNCOPE-1000","2017-01-23T14:32:14.000+0000","2017-01-23T15:57:06.000+0000","2.0.1"
"SYNCOPE-999","2017-01-20T15:53:35.000+0000","2017-01-20T17:06:43.000+0000","1.2.9;2.0.1"
"SYNCOPE-997","2017-01-13T11:26:29.000+0000","2017-01-13T16:33:44.000+0000","2.0.1"
"SYNCOPE-994","2017-01-12T14:48:29.000+0000","2017-01-20T11:23:43.000+0000","2.0.1"
"SYNCOPE-993","2017-01-12T14:22:55.000+0000","2017-01-16T15:44:11.000+0000","2.0.1"
"SYNCOPE-992","2017-01-12T14:03:34.000+0000","2017-01-13T10:52:38.000+0000","2.0.1"
"SYNCOPE-990","2017-01-10T10:49:13.000+0000","2017-01-10T10:50:57.000+0000","2.0.1"
"SYNCOPE-987","2016-12-29T15:32:31.000+0000","2016-12-30T13:23:57.000+0000","2.0.1"
"SYNCOPE-982","2016-12-19T16:35:21.000+0000","2016-12-20T10:24:36.000+0000","2.0.1"
"SYNCOPE-981","2016-12-12T10:43:58.000+0000","2016-12-12T10:46:59.000+0000","2.0.1"
"SYNCOPE-980","2016-12-07T09:45:35.000+0000","2016-12-07T12:28:06.000+0000","2.0.1"
"SYNCOPE-979","2016-12-01T08:55:14.000+0000","2016-12-02T15:23:06.000+0000","2.0.1"
"SYNCOPE-977","2016-11-30T11:37:34.000+0000","2016-11-30T15:11:41.000+0000","2.0.1"
"SYNCOPE-976","2016-11-28T11:52:04.000+0000","2016-11-28T12:41:23.000+0000","1.2.9;2.0.1"
"SYNCOPE-975","2016-11-26T03:10:51.000+0000","2016-11-26T06:54:13.000+0000","1.2.10;2.0.2;2.1.0"
"SYNCOPE-974","2016-11-25T15:13:13.000+0000","2016-11-25T16:03:37.000+0000","2.0.1"
"SYNCOPE-973","2016-11-25T11:35:06.000+0000","2016-11-25T11:43:52.000+0000","1.2.9"
"SYNCOPE-970","2016-11-17T14:34:41.000+0000","2016-11-18T12:54:06.000+0000","2.0.1"
"SYNCOPE-966","2016-11-10T07:33:39.000+0000","2016-11-10T16:58:58.000+0000","2.0.1"
"SYNCOPE-965","2016-11-07T16:20:04.000+0000","2016-11-09T08:06:13.000+0000","1.2.9;2.0.1"
"SYNCOPE-963","2016-11-04T10:33:20.000+0000","2016-11-04T10:35:30.000+0000","1.2.9"
"SYNCOPE-954","2016-10-04T08:31:03.000+0000","2016-10-04T10:28:31.000+0000","1.2.8"
"SYNCOPE-953","2016-09-29T14:51:45.000+0000","2016-09-29T15:28:01.000+0000","2.0.0"
"SYNCOPE-950","2016-09-23T08:59:16.000+0000","2016-09-23T09:26:28.000+0000","2.0.1"
"SYNCOPE-947","2016-09-19T14:31:22.000+0000","2016-09-19T14:57:47.000+0000","2.0.0"
"SYNCOPE-946","2016-09-19T14:30:35.000+0000","2016-09-30T15:33:25.000+0000","2.0.0"
"SYNCOPE-944","2016-09-16T14:32:49.000+0000","2016-09-16T14:55:08.000+0000","2.0.0"
"SYNCOPE-943","2016-09-13T11:26:41.000+0000","2016-10-04T13:19:17.000+0000","1.2.8"
"SYNCOPE-942","2016-09-13T11:02:01.000+0000","2016-10-03T07:33:28.000+0000","2.0.0"
"SYNCOPE-940","2016-09-12T16:02:46.000+0000","2016-09-30T08:54:20.000+0000","2.0.0"
"SYNCOPE-939","2016-09-12T15:57:29.000+0000","2016-09-13T13:20:42.000+0000","1.2.8"
"SYNCOPE-937","2016-09-12T06:23:27.000+0000","2016-09-27T14:31:41.000+0000","2.0.0.M5;2.0.0"
"SYNCOPE-936","2016-09-08T07:48:27.000+0000","2016-09-08T08:57:24.000+0000","1.2.8;2.0.0.M5"
"SYNCOPE-935","2016-09-07T09:12:50.000+0000","2016-09-07T10:58:10.000+0000","2.0.0.M5"
"SYNCOPE-934","2016-09-07T07:07:09.000+0000","2016-09-07T15:18:08.000+0000","2.0.0.M5"
"SYNCOPE-933","2016-09-07T06:55:30.000+0000","2016-09-08T13:18:31.000+0000","2.0.0.M5"
"SYNCOPE-931","2016-09-06T11:49:31.000+0000","2016-09-07T13:57:44.000+0000","2.0.0.M5"
"SYNCOPE-930","2016-09-02T18:39:56.000+0000","2016-09-05T09:37:04.000+0000","2.0.0-M4;2.0.0.M5"
"SYNCOPE-929","2016-09-02T10:11:49.000+0000","2016-09-05T13:50:42.000+0000","1.2.8;2.0.0-M4"
"SYNCOPE-928","2016-09-01T13:59:24.000+0000","2016-09-01T14:32:13.000+0000","1.1.8;1.2.8;2.0.0-M4"
"SYNCOPE-927","2016-08-31T14:18:42.000+0000","2016-08-31T14:53:55.000+0000","2.0.0-M4"
"SYNCOPE-923","2016-08-23T07:54:33.000+0000","2016-08-27T14:54:34.000+0000","1.2.8;2.0.0-M4"
"SYNCOPE-921","2016-08-12T13:31:14.000+0000","2016-08-27T14:54:53.000+0000","2.0.0-M4"
"SYNCOPE-918","2016-08-08T07:58:12.000+0000","2016-08-27T14:54:44.000+0000","2.0.0-M4"
"SYNCOPE-916","2016-08-04T12:00:54.000+0000","2016-08-27T14:54:56.000+0000","2.0.0-M4"
"SYNCOPE-915","2016-08-04T10:39:07.000+0000","2016-08-27T14:54:38.000+0000","2.0.0-M4"
"SYNCOPE-912","2016-07-29T09:49:06.000+0000","2016-08-27T14:54:56.000+0000","2.0.0-M4"
"SYNCOPE-911","2016-07-29T09:28:12.000+0000","2016-08-27T14:54:51.000+0000","2.0.0-M4"
"SYNCOPE-908","2016-07-25T08:58:09.000+0000","2016-08-27T14:54:39.000+0000","2.0.0-M4"
"SYNCOPE-907","2016-07-25T08:49:30.000+0000","2016-08-27T14:54:41.000+0000","2.0.0-M4"
"SYNCOPE-905","2016-07-14T04:34:57.000+0000","2016-08-27T14:54:44.000+0000","2.0.0-M4"
"SYNCOPE-901","2016-07-08T08:40:27.000+0000","2016-08-27T14:54:51.000+0000","2.0.0-M2;2.0.0-M3;2.0.0-M4"
"SYNCOPE-900","2016-07-07T16:11:00.000+0000","2016-08-27T14:54:37.000+0000",""
"SYNCOPE-899","2016-07-07T15:32:45.000+0000","2016-08-27T14:54:55.000+0000",""
"SYNCOPE-898","2016-07-07T08:58:44.000+0000","2016-08-27T14:54:37.000+0000","2.0.0-M4"
"SYNCOPE-893","2016-07-05T20:19:57.000+0000","2016-08-27T14:54:46.000+0000","2.0.0-M4"
"SYNCOPE-892","2016-07-05T16:22:13.000+0000","2016-08-27T14:54:46.000+0000","2.0.0-M4"
"SYNCOPE-891","2016-06-30T15:18:04.000+0000","2016-08-27T14:54:54.000+0000","2.0.0-M4"
"SYNCOPE-888","2016-06-30T14:48:51.000+0000","2016-08-27T14:54:42.000+0000","2.0.0-M4"
"SYNCOPE-887","2016-06-30T14:07:42.000+0000","2016-08-27T14:54:49.000+0000","2.0.0-M4"
"SYNCOPE-886","2016-06-30T12:30:40.000+0000","2016-08-27T14:54:44.000+0000","2.0.0-M4"
"SYNCOPE-884","2016-06-28T15:58:15.000+0000","2016-08-27T14:54:46.000+0000","2.0.0-M4"
"SYNCOPE-883","2016-06-28T15:47:04.000+0000","2016-08-27T14:54:52.000+0000","2.0.0-M4"
"SYNCOPE-881","2016-06-27T18:56:28.000+0000","2016-08-27T14:54:43.000+0000","2.0.0-M4"
"SYNCOPE-879","2016-06-24T13:27:38.000+0000","2016-08-27T14:54:52.000+0000","2.0.0-M4"
"SYNCOPE-878","2016-06-24T11:08:49.000+0000","2016-08-27T14:54:46.000+0000","2.0.0-M4"
"SYNCOPE-876","2016-06-23T09:14:29.000+0000","2016-06-23T09:47:45.000+0000","1.2.8;2.0.0-M3"
"SYNCOPE-875","2016-06-22T16:17:02.000+0000","2016-06-23T10:48:39.000+0000","2.0.0-M3"
"SYNCOPE-872","2016-06-14T08:00:58.000+0000","2016-08-27T14:54:57.000+0000",""
"SYNCOPE-869","2016-06-07T14:04:57.000+0000","2016-06-23T11:29:00.000+0000","2.0.0-M3"
"SYNCOPE-868","2016-06-06T12:19:35.000+0000","2016-06-06T12:34:12.000+0000","2.0.0-M3"
"SYNCOPE-867","2016-06-06T12:17:45.000+0000","2016-06-06T12:33:58.000+0000","2.0.0-M3"
"SYNCOPE-865","2016-05-31T09:14:11.000+0000","2016-06-17T16:58:56.000+0000","2.0.0-M3"
"SYNCOPE-863","2016-05-26T15:59:54.000+0000","2016-06-23T15:55:08.000+0000","2.0.0-M2"
"SYNCOPE-850","2016-05-12T07:46:45.000+0000","2016-05-27T16:19:39.000+0000","2.0.0.M5"
"SYNCOPE-849","2016-05-12T07:42:08.000+0000","2016-05-27T16:19:23.000+0000","2.0.0.M5"
"SYNCOPE-847","2016-05-11T16:50:15.000+0000","2016-05-16T14:39:25.000+0000",""
"SYNCOPE-846","2016-05-11T16:47:33.000+0000","2016-05-31T18:31:47.000+0000",""
"SYNCOPE-845","2016-05-11T16:44:53.000+0000","2016-06-17T14:05:43.000+0000",""
"SYNCOPE-844","2016-05-11T16:08:13.000+0000","2016-05-13T15:56:39.000+0000",""
"SYNCOPE-840","2016-05-05T07:33:02.000+0000","2016-05-09T07:46:36.000+0000","1.2.7"
"SYNCOPE-839","2016-05-03T12:33:25.000+0000","2016-05-09T07:34:39.000+0000","2.0.0-M2"
"SYNCOPE-837","2016-04-27T08:22:28.000+0000","2016-04-27T09:17:08.000+0000","2.0.0-M2"
"SYNCOPE-836","2016-04-22T15:44:12.000+0000","2016-05-05T14:59:06.000+0000","2.0.0.M5"
"SYNCOPE-825","2016-04-06T11:58:38.000+0000","2016-04-27T10:45:52.000+0000","2.0.0-M2"
"SYNCOPE-823","2016-04-05T14:41:21.000+0000","2016-04-07T08:57:38.000+0000","2.0.0-M2"
"SYNCOPE-817","2016-03-29T09:49:56.000+0000","2016-04-21T16:08:12.000+0000","2.0.0-M2"
"SYNCOPE-814","2016-03-24T17:31:24.000+0000","2016-03-29T15:56:31.000+0000","2.0.0-M2"
"SYNCOPE-813","2016-03-24T15:02:32.000+0000","2016-03-24T16:34:29.000+0000","2.0.0-M2"
"SYNCOPE-812","2016-03-24T13:46:16.000+0000","2016-03-24T16:34:52.000+0000","2.0.0-M1"
"SYNCOPE-811","2016-03-24T12:16:30.000+0000","2016-04-04T11:51:47.000+0000","2.0.0-M2"
"SYNCOPE-801","2016-03-23T15:46:39.000+0000","2016-04-22T09:22:23.000+0000","2.0.0-M2"
"SYNCOPE-800","2016-03-23T14:37:01.000+0000","2016-03-29T10:02:44.000+0000","1.2.7;2.0.0-M1"
"SYNCOPE-799","2016-03-22T15:12:11.000+0000","2016-05-04T13:34:26.000+0000","2.0.0-M2"
"SYNCOPE-798","2016-03-22T15:04:59.000+0000","2016-05-02T15:35:26.000+0000","2.0.0-M2"
"SYNCOPE-793","2016-03-22T13:42:08.000+0000","2016-04-04T12:46:22.000+0000","2.0.0-M2"
"SYNCOPE-792","2016-03-22T13:28:02.000+0000","2016-04-01T14:34:24.000+0000","2.0.0-M2"
"SYNCOPE-783","2016-03-21T13:12:02.000+0000","2016-05-13T15:05:22.000+0000","2.0.0-M2"
"SYNCOPE-782","2016-03-19T10:59:14.000+0000","2016-03-19T11:08:00.000+0000","2.0.0-M2"
"SYNCOPE-781","2016-03-17T15:33:26.000+0000","2016-04-20T15:30:53.000+0000","2.0.0-M2"
"SYNCOPE-780","2016-03-17T13:21:54.000+0000","2016-03-21T13:26:05.000+0000","2.0.0-M2"
"SYNCOPE-776","2016-03-14T15:37:14.000+0000","2016-03-17T08:49:53.000+0000","2.0.0-M1"
"SYNCOPE-775","2016-03-03T12:01:42.000+0000","2016-03-09T14:14:01.000+0000","2.0.0-M1"
"SYNCOPE-774","2016-03-03T11:17:32.000+0000","2016-03-11T16:41:13.000+0000","2.0.0-M2"
"SYNCOPE-769","2016-02-18T15:16:05.000+0000","2016-02-18T16:10:42.000+0000","1.2.7;2.0.0-M1"
"SYNCOPE-768","2016-02-18T14:03:18.000+0000","2016-02-19T15:41:46.000+0000","1.2.7;2.0.0-M1"
"SYNCOPE-762","2016-01-29T15:03:21.000+0000","2016-02-02T13:31:51.000+0000","2.0.0-M1"
"SYNCOPE-759","2016-01-21T11:12:30.000+0000","2016-01-22T16:45:20.000+0000","2.0.0-M1"
"SYNCOPE-758","2016-01-20T14:30:07.000+0000","2016-02-12T15:27:49.000+0000","2.0.0-M1"
"SYNCOPE-756","2016-01-04T12:03:17.000+0000","2016-01-22T16:45:33.000+0000","2.0.0-M1"
"SYNCOPE-741","2015-12-09T16:26:29.000+0000","2015-12-11T08:45:21.000+0000","1.2.6;2.0.0-M1"
"SYNCOPE-739","2015-12-03T12:46:38.000+0000","2015-12-07T08:21:47.000+0000","1.2.6"
"SYNCOPE-738","2015-12-02T16:15:53.000+0000","2016-09-05T13:40:44.000+0000","2.0.0-M1"
"SYNCOPE-737","2015-12-01T17:02:10.000+0000","2016-04-27T12:26:48.000+0000","2.0.0-M1"
"SYNCOPE-735","2015-11-25T11:06:47.000+0000","2015-11-25T11:32:02.000+0000","1.2.6"
"SYNCOPE-734","2015-11-23T14:44:33.000+0000","2015-11-27T16:35:04.000+0000",""
"SYNCOPE-733","2015-11-23T14:36:58.000+0000","2015-11-25T10:44:28.000+0000","2.0.0-M1"
"SYNCOPE-730","2015-11-11T08:10:55.000+0000","2016-03-15T15:32:04.000+0000","2.0.0-M1"
"SYNCOPE-729","2015-11-10T17:33:41.000+0000","2015-11-10T18:04:13.000+0000","1.2.6;2.0.0-M1"
"SYNCOPE-726","2015-11-09T08:28:16.000+0000","2015-11-09T08:32:27.000+0000","1.1.8"
"SYNCOPE-717","2015-10-28T13:00:17.000+0000","2015-10-28T13:14:30.000+0000","1.2.5"
"SYNCOPE-716","2015-10-27T09:08:46.000+0000","2015-10-27T09:10:48.000+0000","1.2.5"
"SYNCOPE-712","2015-10-19T07:43:21.000+0000","2015-10-22T12:45:16.000+0000","1.2.5"
"SYNCOPE-710","2015-10-14T15:32:31.000+0000","2015-10-15T10:27:14.000+0000","1.2.5"
"SYNCOPE-707","2015-10-13T11:12:42.000+0000","2015-10-13T14:04:41.000+0000","1.2.5;2.0.0-M1"
"SYNCOPE-706","2015-10-12T14:06:56.000+0000","2015-10-13T07:53:52.000+0000","2.0.0-M1"
"SYNCOPE-703","2015-10-07T09:41:59.000+0000","2015-10-07T09:54:00.000+0000","2.0.0-M1"
"SYNCOPE-702","2015-10-06T08:15:08.000+0000","2015-10-06T09:07:02.000+0000",""
"SYNCOPE-691","2015-09-07T12:14:39.000+0000","2015-09-07T14:44:35.000+0000","1.2.5"
"SYNCOPE-689","2015-08-28T14:26:43.000+0000","2015-09-02T10:56:11.000+0000","2.0.0-M1"
"SYNCOPE-688","2015-08-28T11:11:34.000+0000","2015-09-04T12:52:18.000+0000","2.0.0-M1"
"SYNCOPE-686","2015-08-25T09:17:07.000+0000","2015-08-26T14:54:31.000+0000","1.2.5"
"SYNCOPE-684","2015-07-23T08:47:24.000+0000","2015-07-23T08:57:48.000+0000","1.2.4"
"SYNCOPE-683","2015-07-13T09:51:17.000+0000","2015-07-13T10:51:50.000+0000","1.2.4"
"SYNCOPE-682","2015-07-13T09:39:20.000+0000","2015-07-13T10:51:41.000+0000","1.2.4"
"SYNCOPE-678","2015-07-08T07:39:10.000+0000","2015-07-13T09:18:15.000+0000","1.2.4"
"SYNCOPE-677","2015-07-08T07:36:43.000+0000","2015-07-08T08:01:26.000+0000","1.2.4"
"SYNCOPE-673","2015-05-27T07:35:23.000+0000","2015-05-27T10:22:38.000+0000","1.2.2;1.2.3;1.2.4"
"SYNCOPE-672","2015-05-25T14:49:40.000+0000","2015-05-25T15:45:03.000+0000","1.2.4"
"SYNCOPE-671","2015-05-24T16:17:22.000+0000","2015-05-24T17:08:31.000+0000","1.2.4"
"SYNCOPE-670","2015-05-21T14:40:41.000+0000","2015-05-22T10:25:05.000+0000","1.2.4"
"SYNCOPE-669","2015-05-21T13:09:43.000+0000","2015-05-22T08:13:54.000+0000","1.2.4"
"SYNCOPE-668","2015-05-19T15:41:31.000+0000","2015-05-20T12:00:27.000+0000","1.2.4"
"SYNCOPE-664","2015-05-04T14:57:16.000+0000","2015-05-04T15:59:02.000+0000","1.2.3"
"SYNCOPE-659","2015-04-15T07:57:38.000+0000","2015-04-16T07:03:43.000+0000","1.2.3"
"SYNCOPE-658","2015-04-10T15:02:07.000+0000","2015-04-14T10:10:03.000+0000","1.2.3"
"SYNCOPE-656","2015-04-02T07:34:46.000+0000","2015-04-02T07:49:50.000+0000","1.2.3"
"SYNCOPE-655","2015-03-27T08:31:16.000+0000","2015-03-27T10:17:21.000+0000","1.2.3"
"SYNCOPE-654","2015-03-26T16:55:18.000+0000","2015-04-14T16:03:44.000+0000","1.2.3"
"SYNCOPE-649","2015-02-27T15:33:37.000+0000","2015-02-27T15:36:13.000+0000","1.2.2"
"SYNCOPE-647","2015-02-23T17:28:50.000+0000","2015-02-24T13:07:59.000+0000","1.2.2"
"SYNCOPE-644","2015-02-18T10:29:04.000+0000","2015-02-18T14:06:16.000+0000","1.2.2"
"SYNCOPE-643","2015-02-16T08:54:09.000+0000","2015-02-16T13:59:30.000+0000","1.1.8;1.2.2"
"SYNCOPE-641","2015-02-13T13:48:46.000+0000","2015-02-13T15:12:46.000+0000","1.2.2"
"SYNCOPE-639","2015-02-13T09:06:59.000+0000","2015-02-13T15:24:04.000+0000","1.2.1"
"SYNCOPE-638","2015-02-13T08:23:30.000+0000","2015-02-13T14:21:37.000+0000","1.2.2"
"SYNCOPE-632","2015-01-28T10:53:05.000+0000","2015-01-29T16:52:02.000+0000","1.2.1"
"SYNCOPE-629","2015-01-20T11:46:26.000+0000","2015-01-21T09:41:45.000+0000","1.2.1;2.0.0-M1"
"SYNCOPE-625","2014-12-28T14:03:35.000+0000","2015-01-05T10:11:13.000+0000",""
"SYNCOPE-617","2014-12-18T09:15:59.000+0000","2014-12-22T14:32:14.000+0000","1.2.1"
"SYNCOPE-615","2014-12-11T16:13:38.000+0000","2014-12-12T11:24:51.000+0000","1.2.2"
"SYNCOPE-614","2014-12-04T15:03:43.000+0000","2014-12-10T15:01:00.000+0000","1.2.1"
"SYNCOPE-613","2014-12-01T11:37:29.000+0000","2014-12-11T13:45:52.000+0000","1.2.1"
"SYNCOPE-611","2014-11-27T14:22:44.000+0000","2014-11-28T17:20:54.000+0000","1.2.1"
"SYNCOPE-610","2014-11-21T12:49:32.000+0000","2014-12-22T17:01:25.000+0000","1.2.1"
"SYNCOPE-608","2014-11-19T09:00:24.000+0000","2014-11-21T08:44:59.000+0000","1.2.0"
"SYNCOPE-607","2014-11-19T08:26:39.000+0000","2014-11-21T08:44:36.000+0000","1.2.1"
"SYNCOPE-605","2014-11-11T15:16:52.000+0000","2014-11-12T15:34:02.000+0000","1.2.1"
"SYNCOPE-603","2014-11-06T18:41:18.000+0000","2014-11-07T08:36:11.000+0000","1.2.1"
"SYNCOPE-601","2014-11-06T10:06:41.000+0000","2014-11-10T11:22:22.000+0000","1.1.8;1.2.0"
"SYNCOPE-600","2014-11-05T09:33:06.000+0000","2014-11-05T10:09:25.000+0000","1.1.8;1.2.0"
"SYNCOPE-598","2014-11-02T21:29:51.000+0000","2014-11-06T08:54:29.000+0000","1.2.0"
"SYNCOPE-597","2014-10-29T16:15:25.000+0000","2014-10-30T09:53:59.000+0000","1.2.0"
"SYNCOPE-596","2014-10-28T11:25:45.000+0000","2014-10-28T13:33:50.000+0000","1.2.0-M1;1.2.0"
"SYNCOPE-578","2014-10-23T13:43:47.000+0000","2014-10-30T16:22:04.000+0000","1.2.0-M1;1.2.0"
"SYNCOPE-576","2014-10-23T08:17:52.000+0000","2014-10-30T15:47:27.000+0000","1.2.0"
"SYNCOPE-574","2014-10-20T15:21:03.000+0000","2014-10-22T20:40:26.000+0000","1.2.0;2.0.0-M1"
"SYNCOPE-572","2014-10-20T10:03:44.000+0000","2014-10-31T10:33:36.000+0000","1.2.0"
"SYNCOPE-571","2014-10-20T09:31:57.000+0000","2014-10-22T15:55:47.000+0000","1.2.0"
"SYNCOPE-569","2014-10-16T13:03:36.000+0000","2014-10-17T09:56:05.000+0000","1.2.0"
"SYNCOPE-568","2014-10-16T12:46:02.000+0000","2014-10-17T10:04:26.000+0000","1.1.8;1.2.0"
"SYNCOPE-567","2014-10-15T14:39:39.000+0000","2014-10-17T10:08:48.000+0000","1.2.0"
"SYNCOPE-566","2014-10-15T11:20:07.000+0000","2014-10-16T07:20:43.000+0000","1.2.0"
"SYNCOPE-565","2014-10-13T11:39:25.000+0000","2014-10-14T13:17:40.000+0000","1.2.0"
"SYNCOPE-564","2014-10-11T12:05:27.000+0000","2014-10-23T16:00:11.000+0000","1.2.0"
"SYNCOPE-563","2014-10-09T01:53:46.000+0000","2014-10-09T07:11:43.000+0000",""
"SYNCOPE-562","2014-10-08T08:04:45.000+0000","2014-10-09T09:50:06.000+0000","1.2.0"
"SYNCOPE-561","2014-10-07T09:02:17.000+0000","2014-10-07T09:41:26.000+0000","1.2.0"
"SYNCOPE-560","2014-10-07T08:19:36.000+0000","2014-10-07T08:36:06.000+0000","1.2.0"
"SYNCOPE-557","2014-10-03T15:52:41.000+0000","2014-10-07T08:15:11.000+0000","1.2.0-M1"
"SYNCOPE-556","2014-10-02T10:23:33.000+0000","2014-10-03T08:01:17.000+0000","1.2.0-M1"
"SYNCOPE-554","2014-09-29T08:17:55.000+0000","2014-10-23T09:21:03.000+0000","1.2.0-M1;1.2.0"
"SYNCOPE-553","2014-09-29T06:59:48.000+0000","2014-09-29T14:26:45.000+0000","1.2.0-M1"
"SYNCOPE-551","2014-09-23T14:30:43.000+0000","2014-09-23T14:33:14.000+0000","1.2.0-M1"
"SYNCOPE-549","2014-09-16T15:30:43.000+0000","2014-09-16T15:35:58.000+0000","1.2.0-M1"
"SYNCOPE-548","2014-09-15T12:59:09.000+0000","2014-09-15T15:20:23.000+0000","1.2.0-M1"
"SYNCOPE-547","2014-09-15T08:01:35.000+0000","2014-09-15T08:26:04.000+0000","1.1.8"
"SYNCOPE-546","2014-09-04T09:34:02.000+0000","2014-09-04T15:48:15.000+0000","1.1.9"
"SYNCOPE-545","2014-09-04T09:21:26.000+0000","2014-09-05T08:46:46.000+0000","1.1.9;1.2.0-M1;2.0.0-M1"
"SYNCOPE-543","2014-08-27T07:55:51.000+0000","2014-09-08T12:17:26.000+0000","1.1.8;1.2.0-M1;2.0.0-M1"
"SYNCOPE-540","2014-08-04T12:40:25.000+0000","2014-08-05T17:42:00.000+0000","1.2.0-M1"
"SYNCOPE-539","2014-07-30T15:15:46.000+0000","2014-08-06T09:57:41.000+0000","1.2.0-M1"
"SYNCOPE-532","2014-07-07T07:25:46.000+0000","2014-07-07T09:40:00.000+0000","1.2.0-M1;2.0.0-M1"
"SYNCOPE-531","2014-07-05T12:44:27.000+0000","2014-07-07T11:56:45.000+0000","1.1.8;1.2.0-M1"
"SYNCOPE-527","2014-07-02T14:56:46.000+0000","2014-07-03T13:22:50.000+0000",""
"SYNCOPE-515","2014-06-24T12:57:40.000+0000","2014-06-25T12:06:55.000+0000","1.1.7;1.2.0-M1"
"SYNCOPE-514","2014-06-23T15:19:30.000+0000","2014-06-25T15:04:29.000+0000","1.2.0-M1"
"SYNCOPE-512","2014-06-20T14:25:56.000+0000","2014-06-20T14:38:23.000+0000","1.1.8;1.2.0-M1"
"SYNCOPE-510","2014-06-19T09:42:56.000+0000","2014-06-19T12:56:14.000+0000","1.2.0-M1"
"SYNCOPE-509","2014-06-19T07:43:12.000+0000","2014-06-19T12:40:55.000+0000","1.1.8;1.2.0-M1"
"SYNCOPE-506","2014-06-12T12:29:24.000+0000","2014-06-13T09:39:35.000+0000","1.2.0-M1"
"SYNCOPE-504","2014-06-11T07:46:15.000+0000","2014-06-25T12:06:31.000+0000","1.1.7;1.2.0-M1"
"SYNCOPE-501","2014-06-10T08:59:42.000+0000","2014-06-17T09:24:55.000+0000","1.1.8;1.2.0-M1"
"SYNCOPE-500","2014-06-06T12:46:01.000+0000","2014-06-06T15:51:16.000+0000","1.1.8;1.2.0-M1"
"SYNCOPE-499","2014-06-03T16:55:33.000+0000","2014-06-05T13:33:02.000+0000","1.1.7;1.2.0-M1"
"SYNCOPE-498","2014-05-30T10:59:54.000+0000","2014-06-03T14:49:39.000+0000",""
"SYNCOPE-497","2014-05-30T10:17:32.000+0000","2014-06-06T12:17:17.000+0000",""
"SYNCOPE-495","2014-05-22T08:01:46.000+0000","2014-06-03T12:18:36.000+0000","1.2.0-M1"
"SYNCOPE-490","2014-05-08T08:36:00.000+0000","2014-05-13T11:50:11.000+0000","1.2.0-M1"
"SYNCOPE-489","2014-05-07T11:55:57.000+0000","2014-05-13T11:50:00.000+0000","1.2.0-M1"
"SYNCOPE-484","2014-03-12T15:05:12.000+0000","2014-03-13T07:14:33.000+0000","1.1.6"
"SYNCOPE-483","2014-03-11T10:04:43.000+0000","2014-05-13T14:02:41.000+0000","1.2.0-M1"
"SYNCOPE-482","2014-02-27T14:28:09.000+0000","2014-02-27T16:15:04.000+0000","1.2.0-M1"
"SYNCOPE-481","2014-02-12T01:57:40.000+0000","2014-03-28T09:18:09.000+0000","1.1.5"
"SYNCOPE-477","2014-01-15T08:17:08.000+0000","2014-01-15T09:58:19.000+0000","1.1.5"
"SYNCOPE-476","2014-01-14T14:41:44.000+0000","2014-01-15T09:58:30.000+0000","1.1.5"
"SYNCOPE-475","2014-01-09T12:51:34.000+0000","2014-01-09T15:22:58.000+0000","1.1.5"
"SYNCOPE-474","2014-01-09T11:28:43.000+0000","2014-01-09T16:03:35.000+0000","1.1.5"
"SYNCOPE-466","2013-12-30T10:20:34.000+0000","2013-12-30T11:33:48.000+0000","1.1.5"
"SYNCOPE-465","2013-12-29T14:27:15.000+0000","2013-12-31T11:59:05.000+0000","1.1.6;1.2.0-M1"
"SYNCOPE-462","2013-12-16T11:04:32.000+0000","2014-01-30T13:00:15.000+0000","1.1.5"
"SYNCOPE-459","2013-12-04T12:39:22.000+0000","2013-12-14T09:42:22.000+0000","1.1.4;1.1.5"
"SYNCOPE-458","2013-12-03T17:28:14.000+0000","2014-06-10T09:47:23.000+0000","1.1.5"
"SYNCOPE-457","2013-12-03T02:25:08.000+0000","2013-12-04T08:25:25.000+0000","1.1.5;1.2.0-M1"
"SYNCOPE-456","2013-12-02T14:33:19.000+0000","2013-12-03T12:22:37.000+0000","1.2.0-M1"
"SYNCOPE-455","2013-11-29T12:17:33.000+0000","2013-12-04T11:48:37.000+0000","1.1.5"
"SYNCOPE-454","2013-11-29T11:58:00.000+0000","2013-12-04T15:35:21.000+0000","1.1.5"
"SYNCOPE-453","2013-11-29T11:50:59.000+0000","2013-12-03T16:17:39.000+0000","1.1.5"
"SYNCOPE-452","2013-11-29T08:26:29.000+0000","2013-12-03T13:41:14.000+0000","1.1.5"
"SYNCOPE-440","2013-11-15T06:33:33.000+0000","2013-11-21T10:09:13.000+0000","1.1.3"
"SYNCOPE-437","2013-11-13T08:46:33.000+0000","2013-11-13T12:06:53.000+0000","1.1.4"
"SYNCOPE-436","2013-11-12T10:53:51.000+0000","2013-11-18T16:59:03.000+0000","1.1.4"
"SYNCOPE-435","2013-11-08T15:17:04.000+0000","2013-11-12T08:57:56.000+0000","1.1.4"
"SYNCOPE-434","2013-11-07T15:27:05.000+0000","2013-11-07T16:40:51.000+0000","1.1.4"
"SYNCOPE-433","2013-11-07T14:14:14.000+0000","2013-11-07T15:22:40.000+0000","1.1.4"
"SYNCOPE-426","2013-10-25T08:03:03.000+0000","2013-10-25T08:40:56.000+0000","1.1.4"
"SYNCOPE-423","2013-10-02T15:18:47.000+0000","2013-11-20T11:42:05.000+0000","1.1.5;1.2.0-M1"
"SYNCOPE-419","2013-10-01T14:28:19.000+0000","2013-10-01T14:50:29.000+0000","1.1.4"
"SYNCOPE-418","2013-09-20T09:21:05.000+0000","2013-09-20T13:56:34.000+0000","1.1.3"
"SYNCOPE-417","2013-09-20T07:26:23.000+0000","2013-09-20T08:28:10.000+0000","1.1.3"
"SYNCOPE-414","2013-09-18T08:23:49.000+0000","2014-01-28T08:20:00.000+0000","1.2.0-M1"
"SYNCOPE-412","2013-09-16T13:41:06.000+0000","2013-09-18T12:12:52.000+0000","1.1.3"
"SYNCOPE-404","2013-07-19T21:25:56.000+0000","2013-07-22T07:38:34.000+0000","1.1.0;1.1.3"
"SYNCOPE-401","2013-07-11T14:55:36.000+0000","2013-07-11T15:01:08.000+0000","1.1.2"
"SYNCOPE-400","2013-07-11T09:35:22.000+0000","2013-07-11T11:24:21.000+0000","1.0.8;1.1.2"
"SYNCOPE-399","2013-07-04T14:07:23.000+0000","2013-07-04T14:22:09.000+0000","1.1.2;1.2.0-M1"
"SYNCOPE-398","2013-07-01T13:08:32.000+0000","2013-07-01T13:50:32.000+0000","1.1.2"
"SYNCOPE-397","2013-06-26T14:11:21.000+0000","2013-06-27T11:44:04.000+0000","1.1.2"
"SYNCOPE-396","2013-06-24T13:37:20.000+0000","2013-06-24T14:50:48.000+0000","1.1.3"
"SYNCOPE-394","2013-06-12T13:57:25.000+0000","2013-06-12T14:24:55.000+0000","1.1.2"
"SYNCOPE-387","2013-06-03T11:19:40.000+0000","2013-06-07T10:42:38.000+0000","1.1.1"
"SYNCOPE-386","2013-06-03T09:00:09.000+0000","2013-06-03T09:02:34.000+0000","1.1.1"
"SYNCOPE-385","2013-06-03T07:01:15.000+0000","2013-06-03T07:03:55.000+0000","1.1.1"
"SYNCOPE-384","2013-05-31T12:49:46.000+0000","2013-05-31T13:49:43.000+0000","1.1.1"
"SYNCOPE-383","2013-05-31T12:40:04.000+0000","2013-05-31T14:49:35.000+0000","1.1.1"
"SYNCOPE-382","2013-05-31T12:19:28.000+0000","2013-05-31T13:50:24.000+0000","1.1.1"
"SYNCOPE-381","2013-05-31T10:34:40.000+0000","2013-05-31T16:08:10.000+0000","1.1.1"
"SYNCOPE-380","2013-05-31T10:24:20.000+0000","2013-05-31T16:08:46.000+0000","1.1.1"
"SYNCOPE-377","2013-05-31T10:09:37.000+0000","2013-05-31T13:50:01.000+0000","1.1.2"
"SYNCOPE-376","2013-05-30T12:44:54.000+0000","2013-05-30T12:54:30.000+0000","1.1.1"
"SYNCOPE-375","2013-05-28T15:32:52.000+0000","2013-05-29T06:54:14.000+0000","1.1.1"
"SYNCOPE-373","2013-05-28T06:47:44.000+0000","2013-05-28T07:55:37.000+0000","1.1.1"
"SYNCOPE-372","2013-05-27T16:08:50.000+0000","2013-05-28T08:18:43.000+0000","1.1.1"
"SYNCOPE-371","2013-05-21T10:28:34.000+0000","2013-05-21T10:33:26.000+0000","1.1.1"
"SYNCOPE-370","2013-05-08T10:11:06.000+0000","2013-07-02T07:14:17.000+0000","1.1.1"
"SYNCOPE-369","2013-05-07T08:13:18.000+0000","2013-05-09T09:07:24.000+0000","1.1.1"
"SYNCOPE-368","2013-04-29T09:26:13.000+0000","2013-04-29T11:23:00.000+0000","1.1.0"
"SYNCOPE-366","2013-04-26T12:48:12.000+0000","2013-04-26T16:00:27.000+0000","1.1.0;1.1.1"
"SYNCOPE-365","2013-04-24T12:23:10.000+0000","2013-04-24T15:42:00.000+0000","1.1.0;1.1.1"
"SYNCOPE-364","2013-04-19T14:21:57.000+0000","2013-04-19T15:15:48.000+0000","1.0.8;1.1.0"
"SYNCOPE-363","2013-04-19T09:26:27.000+0000","2013-04-19T14:12:13.000+0000","1.1.0"
"SYNCOPE-361","2013-04-19T08:26:22.000+0000","2013-04-19T08:29:20.000+0000","1.1.0"
"SYNCOPE-360","2013-04-18T18:32:17.000+0000","2013-04-19T09:38:44.000+0000","1.1.0"
"SYNCOPE-358","2013-04-15T11:01:18.000+0000","2013-04-15T12:06:27.000+0000","1.1.0"
"SYNCOPE-357","2013-04-15T10:43:31.000+0000","2013-04-24T15:21:12.000+0000","1.1.0"
"SYNCOPE-356","2013-04-14T16:48:13.000+0000","2013-04-15T09:44:39.000+0000","1.1.0"
"SYNCOPE-354","2013-04-12T23:22:37.000+0000","2013-04-24T13:32:30.000+0000","1.1.0"
"SYNCOPE-353","2013-04-09T10:53:38.000+0000","2013-04-09T12:54:20.000+0000","1.1.0"
"SYNCOPE-352","2013-04-08T18:51:02.000+0000","2013-04-09T14:45:57.000+0000","1.1.0"
"SYNCOPE-351","2013-04-05T10:42:06.000+0000","2013-04-09T12:16:43.000+0000","1.0.7;1.1.0"
"SYNCOPE-349","2013-04-03T10:23:29.000+0000","2013-12-20T08:34:24.000+0000","1.0.7;1.1.0;1.2.0-M1"
"SYNCOPE-347","2013-03-28T11:43:55.000+0000","2013-04-03T10:15:07.000+0000","1.1.0"
"SYNCOPE-343","2013-03-22T16:11:42.000+0000","2013-03-22T17:07:06.000+0000","1.1.0"
"SYNCOPE-342","2013-03-22T09:52:19.000+0000","2013-03-22T11:16:01.000+0000","1.0.6;1.1.0"
"SYNCOPE-341","2013-03-21T07:48:43.000+0000","2013-03-22T13:56:25.000+0000","1.0.6;1.1.0"
"SYNCOPE-339","2013-03-19T12:10:35.000+0000","2013-03-19T15:21:53.000+0000","1.0.7;1.1.0"
"SYNCOPE-338","2013-03-19T10:32:44.000+0000","2013-03-19T15:07:35.000+0000","1.1.0"
"SYNCOPE-336","2013-03-11T13:35:26.000+0000","2013-03-19T14:47:09.000+0000",""
"SYNCOPE-334","2013-03-04T12:52:12.000+0000","2013-03-04T13:20:38.000+0000","1.1.0"
"SYNCOPE-332","2013-03-03T19:37:03.000+0000","2013-03-04T15:54:50.000+0000","1.0.5;1.0.6;1.1.0"
"SYNCOPE-330","2013-03-01T15:10:28.000+0000","2013-03-05T14:43:33.000+0000","1.1.0"
"SYNCOPE-329","2013-02-28T11:36:22.000+0000","2013-03-15T13:18:21.000+0000",""
"SYNCOPE-328","2013-02-28T11:20:54.000+0000","2013-03-05T15:35:50.000+0000",""
"SYNCOPE-327","2013-02-27T16:46:55.000+0000","2013-03-01T16:23:15.000+0000","1.0.6;1.1.0"
"SYNCOPE-325","2013-02-25T10:05:33.000+0000","2013-02-25T10:08:34.000+0000","1.0.5;1.1.0"
"SYNCOPE-323","2013-02-22T13:33:19.000+0000","2013-02-22T16:32:27.000+0000","1.0.5;1.1.0"
"SYNCOPE-322","2013-02-22T11:15:32.000+0000","2013-02-22T15:44:35.000+0000",""
"SYNCOPE-321","2013-02-21T13:51:46.000+0000","2013-02-21T16:27:09.000+0000","1.1.0"
"SYNCOPE-320","2013-02-20T12:24:34.000+0000","2013-02-20T14:44:52.000+0000","1.1.0"
"SYNCOPE-318","2013-02-19T10:08:20.000+0000","2013-02-27T14:38:38.000+0000",""
"SYNCOPE-317","2013-02-18T11:39:03.000+0000","2013-02-18T14:45:45.000+0000","1.1.0"
"SYNCOPE-316","2013-02-18T08:23:44.000+0000","2013-02-18T11:14:24.000+0000","1.0.5;1.1.0"
"SYNCOPE-315","2013-02-15T13:45:39.000+0000","2013-02-18T15:25:06.000+0000","1.0.5;1.1.0"
"SYNCOPE-314","2013-02-14T17:18:39.000+0000","2013-02-14T17:24:08.000+0000","1.0.6;1.1.0"
"SYNCOPE-312","2013-02-08T13:15:10.000+0000","2013-02-27T13:45:16.000+0000",""
"SYNCOPE-310","2013-02-08T11:34:53.000+0000","2013-02-08T12:19:26.000+0000","1.0.5;1.1.0"
"SYNCOPE-309","2013-02-04T17:18:28.000+0000","2013-02-25T12:03:55.000+0000","1.0.5;1.1.0"
"SYNCOPE-308","2013-02-04T16:55:08.000+0000","2013-02-11T17:07:08.000+0000","1.0.5;1.1.0"
"SYNCOPE-307","2013-02-04T11:48:00.000+0000","2013-02-13T18:41:57.000+0000","1.0.6;1.1.0"
"SYNCOPE-306","2013-02-01T10:55:47.000+0000","2013-02-01T14:27:47.000+0000",""
"SYNCOPE-305","2013-02-01T10:42:39.000+0000","2013-02-01T12:54:52.000+0000",""
"SYNCOPE-302","2013-01-31T10:32:19.000+0000","2013-01-31T10:41:38.000+0000","1.1.0"
"SYNCOPE-301","2013-01-30T11:27:32.000+0000","2013-01-30T17:57:42.000+0000","1.0.5;1.1.0"
"SYNCOPE-297","2013-01-29T10:53:57.000+0000","2013-01-31T16:07:53.000+0000",""
"SYNCOPE-294","2013-01-28T11:30:59.000+0000","2013-02-01T09:52:18.000+0000","1.0.5"
"SYNCOPE-292","2013-01-28T10:07:53.000+0000","2013-01-28T16:06:09.000+0000","1.1.0"
"SYNCOPE-285","2013-01-23T10:09:53.000+0000","2013-07-26T11:04:21.000+0000",""
"SYNCOPE-284","2013-01-23T09:52:18.000+0000","2013-02-04T16:58:50.000+0000","1.1.0"
"SYNCOPE-274","2013-01-15T11:35:22.000+0000","2013-01-15T12:49:13.000+0000","1.0.4"
"SYNCOPE-272","2013-01-11T11:52:27.000+0000","2013-01-14T15:10:58.000+0000","1.0.5"
"SYNCOPE-269","2013-01-10T11:08:23.000+0000","2013-01-11T16:10:08.000+0000","1.0.4;1.1.0"
"SYNCOPE-267","2013-01-08T10:00:41.000+0000","2013-01-08T11:35:59.000+0000","1.0.4;1.0.5;1.1.0"
"SYNCOPE-262","2013-01-04T08:21:46.000+0000","2013-01-07T16:31:12.000+0000","1.1.0"
"SYNCOPE-260","2013-01-02T09:50:14.000+0000","2013-01-07T09:06:20.000+0000","1.0.5;1.1.0"
"SYNCOPE-240","2012-11-29T14:31:55.000+0000","2012-11-29T15:08:14.000+0000","1.0.4;1.1.0"
"SYNCOPE-238","2012-11-19T14:23:25.000+0000","2012-11-28T17:18:11.000+0000","1.0.3-incubating"
"SYNCOPE-237","2012-11-16T10:11:03.000+0000","2012-11-16T10:17:13.000+0000","1.0.3-incubating"
"SYNCOPE-236","2012-11-11T14:57:54.000+0000","2012-11-11T15:01:25.000+0000","1.0.3-incubating"
"SYNCOPE-234","2012-11-05T11:24:18.000+0000","2012-11-05T15:08:55.000+0000","1.0.4"
"SYNCOPE-233","2012-11-03T18:26:39.000+0000","2012-11-10T11:30:04.000+0000","1.0.2-incubating;1.0.3-incubating"
"SYNCOPE-232","2012-11-02T17:04:23.000+0000","2012-11-06T11:09:58.000+0000","1.0.2-incubating;1.0.3-incubating"
"SYNCOPE-230","2012-10-26T12:41:21.000+0000","2012-10-29T17:19:29.000+0000","1.0.2-incubating"
"SYNCOPE-228","2012-10-25T15:28:07.000+0000","2012-10-25T16:11:50.000+0000","1.0.2-incubating"
"SYNCOPE-226","2012-10-18T12:49:11.000+0000","2012-10-19T10:39:04.000+0000","1.0.2-incubating"
"SYNCOPE-224","2012-10-16T14:06:08.000+0000","2012-10-18T12:53:48.000+0000","1.0.2-incubating"
"SYNCOPE-220","2012-10-13T09:44:25.000+0000","2012-10-15T12:54:50.000+0000","1.0.2-incubating"
"SYNCOPE-217","2012-10-09T12:59:02.000+0000","2012-10-09T16:00:25.000+0000","1.0.2-incubating"
"SYNCOPE-214","2012-10-04T10:45:45.000+0000","2012-10-09T16:18:44.000+0000","1.0.1-incubating"
"SYNCOPE-211","2012-09-20T12:51:29.000+0000","2012-09-20T15:32:10.000+0000","1.0.1-incubating"
"SYNCOPE-202","2012-09-05T10:09:33.000+0000","2012-10-01T15:30:49.000+0000","1.0.2-incubating;1.1.0"
"SYNCOPE-197","2012-09-03T10:35:02.000+0000","2012-09-05T10:06:49.000+0000",""
"SYNCOPE-196","2012-09-03T10:32:43.000+0000","2012-09-04T10:47:08.000+0000","1.0.0-incubating"
"SYNCOPE-194","2012-09-03T10:24:21.000+0000","2012-09-10T15:20:07.000+0000","1.0.1-incubating"
"SYNCOPE-192","2012-08-29T08:01:19.000+0000","2012-08-29T12:42:33.000+0000","1.0.0-incubating"
"SYNCOPE-191","2012-08-27T09:54:11.000+0000","2012-08-28T12:49:35.000+0000","1.0.0-incubating"
"SYNCOPE-187","2012-08-14T08:35:21.000+0000","2012-08-14T14:20:34.000+0000","1.0.0-incubating;1.1.0"
"SYNCOPE-185","2012-08-14T08:27:50.000+0000","2012-08-29T15:07:48.000+0000","1.0.0-incubating"
"SYNCOPE-183","2012-08-14T08:25:42.000+0000","2012-10-01T15:57:08.000+0000","1.0.1-incubating"
"SYNCOPE-182","2012-08-13T06:38:25.000+0000","2012-08-17T12:14:46.000+0000","1.0.0-incubating"
"SYNCOPE-181","2012-08-06T15:49:04.000+0000","2012-08-07T08:18:54.000+0000","1.0.0-incubating"
"SYNCOPE-180","2012-08-02T08:47:12.000+0000","2012-08-02T15:56:23.000+0000","1.0.0-incubating"
"SYNCOPE-179","2012-08-01T16:25:11.000+0000","2012-08-01T16:27:50.000+0000","1.0.0-incubating"
"SYNCOPE-178","2012-08-01T13:17:48.000+0000","2012-08-01T13:29:50.000+0000","1.0.0-incubating"
"SYNCOPE-118","2012-07-27T15:39:00.000+0000","2012-07-30T07:50:57.000+0000","1.0.0-incubating"
"SYNCOPE-117","2012-07-27T15:36:17.000+0000","2012-07-30T11:34:38.000+0000","1.0.0-incubating"
"SYNCOPE-115","2012-07-26T09:20:17.000+0000","2012-07-26T09:34:40.000+0000","1.0.0-incubating"
"SYNCOPE-114","2012-07-20T07:28:39.000+0000","2012-07-20T10:20:53.000+0000","1.0.0-incubating"
"SYNCOPE-113","2012-07-19T22:00:51.000+0000","2012-07-20T08:47:04.000+0000","1.0.0-incubating"
"SYNCOPE-112","2012-07-17T08:34:10.000+0000","2012-07-17T10:58:09.000+0000","1.0.0-incubating"
"SYNCOPE-111","2012-07-16T10:13:32.000+0000","2012-07-16T14:10:43.000+0000","1.0.0-incubating"
"SYNCOPE-108","2012-07-12T10:56:05.000+0000","2012-07-13T08:11:53.000+0000","1.0.0-incubating"
"SYNCOPE-106","2012-07-06T13:41:27.000+0000","2012-07-06T13:55:47.000+0000","1.0.0-incubating"
"SYNCOPE-104","2012-07-04T09:55:19.000+0000","2012-07-04T10:08:25.000+0000","1.0.0-incubating"
"SYNCOPE-103","2012-07-02T10:18:51.000+0000","2012-07-03T10:21:10.000+0000","1.0.0-incubating"
"SYNCOPE-102","2012-06-27T14:16:36.000+0000","2012-07-13T16:35:18.000+0000","1.0.0-incubating"
"SYNCOPE-101","2012-06-26T15:09:36.000+0000","2012-07-18T12:40:55.000+0000","1.0.0-incubating"
"SYNCOPE-99","2012-06-20T13:40:22.000+0000","2012-06-21T10:37:35.000+0000","1.0.0-incubating"
"SYNCOPE-97","2012-06-19T08:59:08.000+0000","2012-06-21T08:25:11.000+0000","1.0.0-incubating"
"SYNCOPE-96","2012-06-14T14:25:55.000+0000","2012-06-20T13:50:22.000+0000","1.0.0-incubating"
"SYNCOPE-95","2012-06-12T16:13:58.000+0000","2012-06-14T15:34:59.000+0000","1.0.0-incubating"
"SYNCOPE-94","2012-06-08T12:18:22.000+0000","2012-06-12T14:54:16.000+0000","1.0.0-incubating"
"SYNCOPE-92","2012-06-04T10:29:34.000+0000","2012-06-08T15:20:58.000+0000","1.0.0-incubating"
"SYNCOPE-90","2012-05-30T13:47:18.000+0000","2012-06-04T15:18:48.000+0000","1.0.0-incubating"
"SYNCOPE-86","2012-05-22T10:40:29.000+0000","2012-05-22T13:39:54.000+0000","1.0.0-incubating"
"SYNCOPE-84","2012-05-22T07:36:51.000+0000","2012-05-22T14:07:57.000+0000","1.0.0-incubating"
"SYNCOPE-83","2012-05-21T08:29:52.000+0000","2012-05-30T12:35:15.000+0000","1.0.0-incubating"
"SYNCOPE-82","2012-05-08T08:10:58.000+0000","2012-05-08T11:32:12.000+0000","1.0.0-incubating"
"SYNCOPE-81","2012-05-03T15:29:04.000+0000","2012-05-04T10:29:37.000+0000","1.0.0-incubating"
"SYNCOPE-80","2012-05-03T15:26:28.000+0000","2012-05-08T08:14:03.000+0000","1.0.0-incubating"
"SYNCOPE-77","2012-05-02T14:48:13.000+0000","2012-05-02T14:52:00.000+0000","1.0.0-incubating"
"SYNCOPE-75","2012-05-02T10:49:37.000+0000","2012-05-03T12:33:45.000+0000","1.0.0-incubating"
"SYNCOPE-72","2012-04-30T13:07:46.000+0000","2012-04-30T15:44:33.000+0000","1.0.0-incubating"
"SYNCOPE-71","2012-04-30T09:54:43.000+0000","2012-04-30T10:31:13.000+0000","1.0.0-incubating"
"SYNCOPE-70","2012-04-30T09:44:07.000+0000","2012-04-30T16:04:11.000+0000","1.0.0-incubating"
"SYNCOPE-68","2012-04-27T07:03:41.000+0000","2012-05-23T13:33:45.000+0000","1.0.0-incubating"
"SYNCOPE-65","2012-04-24T13:59:10.000+0000","2012-05-02T10:22:10.000+0000","1.0.0-incubating"
"SYNCOPE-63","2012-04-24T10:10:12.000+0000","2012-04-24T10:45:51.000+0000","1.0.0-incubating"
"SYNCOPE-61","2012-04-18T13:03:30.000+0000","2012-10-04T11:51:01.000+0000","1.0.0-incubating"
"SYNCOPE-58","2012-04-17T07:31:30.000+0000","2012-04-17T08:29:10.000+0000","1.0.0-incubating"
"SYNCOPE-54","2012-04-04T13:06:32.000+0000","2012-04-04T13:54:36.000+0000","1.0.0-incubating"
"SYNCOPE-52","2012-04-04T07:08:45.000+0000","2012-04-04T11:35:18.000+0000","1.0.0-incubating"
"SYNCOPE-49","2012-03-28T07:35:41.000+0000","2012-03-28T13:38:44.000+0000","1.0.0-incubating"
"SYNCOPE-48","2012-03-26T15:48:50.000+0000","2012-04-03T12:49:41.000+0000","1.0.0-incubating"
"SYNCOPE-47","2012-03-23T10:49:16.000+0000","2012-03-23T14:43:46.000+0000","1.0.0-incubating"
"SYNCOPE-46","2012-03-22T12:23:12.000+0000","2012-03-22T16:26:46.000+0000","1.0.0-incubating"
"SYNCOPE-43","2012-03-17T08:31:15.000+0000","2012-03-19T10:42:44.000+0000","1.0.0-incubating"
"SYNCOPE-41","2012-03-15T17:03:48.000+0000","2012-03-28T15:32:19.000+0000","1.0.0-incubating"
"SYNCOPE-40","2012-03-15T16:10:12.000+0000","2012-03-19T09:08:51.000+0000","1.0.0-incubating"
"SYNCOPE-39","2012-03-15T14:10:10.000+0000","2012-03-22T12:51:06.000+0000","1.0.0-incubating"
"SYNCOPE-37","2012-03-14T13:51:48.000+0000","2012-03-16T18:05:39.000+0000","1.0.0-incubating"
"SYNCOPE-36","2012-03-13T10:09:34.000+0000","2012-03-13T10:25:38.000+0000","1.0.0-incubating"
"SYNCOPE-34","2012-03-09T15:36:01.000+0000","2012-03-09T15:39:55.000+0000","1.0.0-incubating"
"SYNCOPE-33","2012-03-09T11:45:34.000+0000","2012-03-09T13:58:15.000+0000","1.0.0-incubating"
"SYNCOPE-32","2012-03-09T08:54:47.000+0000","2012-03-09T09:11:42.000+0000","1.0.0-incubating"
"SYNCOPE-31","2012-03-08T14:43:03.000+0000","2012-03-09T09:11:22.000+0000","1.0.0-incubating"
"SYNCOPE-30","2012-03-08T13:45:09.000+0000","2012-03-08T14:36:36.000+0000","1.0.0-incubating"
"SYNCOPE-29","2012-03-08T13:27:47.000+0000","2012-04-02T16:18:48.000+0000","1.0.0-incubating"
"SYNCOPE-27","2012-03-07T14:40:20.000+0000","2012-03-07T15:00:21.000+0000","1.0.0-incubating"
"SYNCOPE-23","2012-03-02T09:19:01.000+0000","2012-03-02T10:00:31.000+0000","1.0.0-incubating"
"SYNCOPE-21","2012-03-02T09:01:55.000+0000","2012-03-16T14:17:39.000+0000","1.0.0-incubating"
"SYNCOPE-18","2012-03-01T15:14:01.000+0000","2012-03-13T16:38:51.000+0000","1.0.0-incubating"
"SYNCOPE-17","2012-03-01T14:28:34.000+0000","2012-03-01T14:53:40.000+0000","1.0.0-incubating"
"SYNCOPE-16","2012-03-01T11:41:37.000+0000","2012-03-01T15:09:42.000+0000","1.0.0-incubating"
"SYNCOPE-12","2012-02-29T14:02:13.000+0000","2012-02-29T18:09:44.000+0000","1.0.0-incubating"
"SYNCOPE-11","2012-02-29T10:19:28.000+0000","2012-02-29T13:39:58.000+0000","1.0.0-incubating"
"SYNCOPE-10","2012-02-28T10:56:09.000+0000","2012-02-28T15:36:42.000+0000","1.0.0-incubating"
"SYNCOPE-8","2012-02-24T17:13:02.000+0000","2012-02-27T11:47:58.000+0000","1.0.0-incubating"
"SYNCOPE-3","2012-02-23T07:41:54.000+0000","2012-02-27T08:26:32.000+0000","1.0.0-incubating"
"SYNCOPE-1","2012-02-21T14:26:29.000+0000","2012-02-27T08:26:21.000+0000","1.0.0-incubating"
